{
    "Title": "What Is Love",
    "Artist": "Haddaway",
    "BPM": 122,
    "songLength": 268.1208190917969,
    "numNotes": 546,
    "sections": {
        "0": {
            "start": 0.0
        },
        "1": {
            "start": 44.68680318196615
        },
        "2": {
            "start": 89.3736063639323
        },
        "3": {
            "start": 134.06040954589844
        },
        "4": {
            "start": 178.7472127278646
        },
        "5": {
            "start": 223.43401590983075
        }
    },
    "notes": [
        {
            "time": 0.58,
            "move": 3
        },
        {
            "time": 1.045,
            "move": 2
        },
        {
            "time": 1.509,
            "move": 2
        },
        {
            "time": 2.02,
            "move": 0
        },
        {
            "time": 2.485,
            "move": 0
        },
        {
            "time": 2.972,
            "move": 0
        },
        {
            "time": 3.46,
            "move": 2
        },
        {
            "time": 3.947,
            "move": 3
        },
        {
            "time": 4.435,
            "move": 0
        },
        {
            "time": 4.923,
            "move": 1
        },
        {
            "time": 5.387,
            "move": 2
        },
        {
            "time": 5.875,
            "move": 2
        },
        {
            "time": 6.362,
            "move": 2
        },
        {
            "time": 6.85,
            "move": 2
        },
        {
            "time": 7.338,
            "move": 3
        },
        {
            "time": 7.802,
            "move": 1
        },
        {
            "time": 8.29,
            "move": 2
        },
        {
            "time": 8.777,
            "move": 2
        },
        {
            "time": 9.265,
            "move": 2
        },
        {
            "time": 9.752,
            "move": 2
        },
        {
            "time": 10.24,
            "move": 3
        },
        {
            "time": 10.728,
            "move": 3
        },
        {
            "time": 11.192,
            "move": 2
        },
        {
            "time": 11.68,
            "move": 1
        },
        {
            "time": 12.167,
            "move": 2
        },
        {
            "time": 12.655,
            "move": 1
        },
        {
            "time": 13.142,
            "move": 0
        },
        {
            "time": 13.63,
            "move": 2
        },
        {
            "time": 14.118,
            "move": 0
        },
        {
            "time": 14.605,
            "move": 1
        },
        {
            "time": 15.07,
            "move": 1
        },
        {
            "time": 15.581,
            "move": 3
        },
        {
            "time": 16.045,
            "move": 2
        },
        {
            "time": 16.533,
            "move": 3
        },
        {
            "time": 17.02,
            "move": 3
        },
        {
            "time": 17.508,
            "move": 1
        },
        {
            "time": 17.995,
            "move": 3
        },
        {
            "time": 18.483,
            "move": 2
        },
        {
            "time": 18.947,
            "move": 0
        },
        {
            "time": 19.435,
            "move": 2
        },
        {
            "time": 19.923,
            "move": 1
        },
        {
            "time": 20.41,
            "move": 0
        },
        {
            "time": 20.898,
            "move": 0
        },
        {
            "time": 21.386,
            "move": 2
        },
        {
            "time": 21.873,
            "move": 3
        },
        {
            "time": 22.361,
            "move": 2
        },
        {
            "time": 22.825,
            "move": 1
        },
        {
            "time": 23.313,
            "move": 1
        },
        {
            "time": 23.708,
            "move": 1
        },
        {
            "time": 24.149,
            "move": 3
        },
        {
            "time": 24.59,
            "move": 1
        },
        {
            "time": 25.031,
            "move": 3
        },
        {
            "time": 25.496,
            "move": 0
        },
        {
            "time": 25.983,
            "move": 2
        },
        {
            "time": 26.471,
            "move": 3
        },
        {
            "time": 26.958,
            "move": 1
        },
        {
            "time": 27.423,
            "move": 2
        },
        {
            "time": 27.91,
            "move": 1
        },
        {
            "time": 28.398,
            "move": 1
        },
        {
            "time": 28.886,
            "move": 0
        },
        {
            "time": 29.373,
            "move": 0
        },
        {
            "time": 29.861,
            "move": 2
        },
        {
            "time": 30.348,
            "move": 3
        },
        {
            "time": 30.836,
            "move": 1
        },
        {
            "time": 31.3,
            "move": 1
        },
        {
            "time": 31.788,
            "move": 0
        },
        {
            "time": 32.276,
            "move": 1
        },
        {
            "time": 32.763,
            "move": 3
        },
        {
            "time": 33.251,
            "move": 1
        },
        {
            "time": 33.715,
            "move": 3
        },
        {
            "time": 34.203,
            "move": 1
        },
        {
            "time": 34.691,
            "move": 1
        },
        {
            "time": 35.178,
            "move": 2
        },
        {
            "time": 35.666,
            "move": 1
        },
        {
            "time": 36.153,
            "move": 2
        },
        {
            "time": 36.641,
            "move": 1
        },
        {
            "time": 37.105,
            "move": 2
        },
        {
            "time": 37.593,
            "move": 1
        },
        {
            "time": 38.081,
            "move": 0
        },
        {
            "time": 38.568,
            "move": 3
        },
        {
            "time": 39.056,
            "move": 3
        },
        {
            "time": 39.544,
            "move": 2
        },
        {
            "time": 40.031,
            "move": 2
        },
        {
            "time": 40.519,
            "move": 1
        },
        {
            "time": 40.983,
            "move": 1
        },
        {
            "time": 41.471,
            "move": 1
        },
        {
            "time": 41.958,
            "move": 2
        },
        {
            "time": 42.446,
            "move": 3
        },
        {
            "time": 42.934,
            "move": 3
        },
        {
            "time": 43.421,
            "move": 1
        },
        {
            "time": 43.909,
            "move": 3
        },
        {
            "time": 44.397,
            "move": 1
        },
        {
            "time": 44.884,
            "move": 0
        },
        {
            "time": 45.349,
            "move": 2
        },
        {
            "time": 45.836,
            "move": 0
        },
        {
            "time": 46.324,
            "move": 0
        },
        {
            "time": 46.811,
            "move": 3
        },
        {
            "time": 47.299,
            "move": 3
        },
        {
            "time": 47.787,
            "move": 3
        },
        {
            "time": 48.251,
            "move": 0
        },
        {
            "time": 48.739,
            "move": 2
        },
        {
            "time": 49.226,
            "move": 3
        },
        {
            "time": 49.714,
            "move": 0
        },
        {
            "time": 50.202,
            "move": 3
        },
        {
            "time": 50.689,
            "move": 0
        },
        {
            "time": 51.177,
            "move": 0
        },
        {
            "time": 51.664,
            "move": 1
        },
        {
            "time": 52.129,
            "move": 3
        },
        {
            "time": 52.616,
            "move": 3
        },
        {
            "time": 53.104,
            "move": 0
        },
        {
            "time": 53.592,
            "move": 3
        },
        {
            "time": 54.079,
            "move": 3
        },
        {
            "time": 54.544,
            "move": 2
        },
        {
            "time": 55.031,
            "move": 0
        },
        {
            "time": 55.519,
            "move": 0
        },
        {
            "time": 56.007,
            "move": 0
        },
        {
            "time": 56.494,
            "move": 0
        },
        {
            "time": 56.982,
            "move": 3
        },
        {
            "time": 57.469,
            "move": 3
        },
        {
            "time": 57.957,
            "move": 0
        },
        {
            "time": 58.421,
            "move": 1
        },
        {
            "time": 58.909,
            "move": 0
        },
        {
            "time": 59.397,
            "move": 0
        },
        {
            "time": 59.884,
            "move": 0
        },
        {
            "time": 60.372,
            "move": 3
        },
        {
            "time": 60.86,
            "move": 0
        },
        {
            "time": 61.347,
            "move": 3
        },
        {
            "time": 61.835,
            "move": 0
        },
        {
            "time": 62.299,
            "move": 0
        },
        {
            "time": 62.787,
            "move": 0
        },
        {
            "time": 63.274,
            "move": 2
        },
        {
            "time": 63.762,
            "move": 1
        },
        {
            "time": 64.25,
            "move": 2
        },
        {
            "time": 64.737,
            "move": 1
        },
        {
            "time": 65.225,
            "move": 0
        },
        {
            "time": 65.712,
            "move": 0
        },
        {
            "time": 66.177,
            "move": 1
        },
        {
            "time": 66.664,
            "move": 3
        },
        {
            "time": 67.152,
            "move": 2
        },
        {
            "time": 67.64,
            "move": 2
        },
        {
            "time": 68.127,
            "move": 1
        },
        {
            "time": 68.615,
            "move": 2
        },
        {
            "time": 69.103,
            "move": 1
        },
        {
            "time": 69.567,
            "move": 1
        },
        {
            "time": 70.055,
            "move": 1
        },
        {
            "time": 70.542,
            "move": 2
        },
        {
            "time": 71.03,
            "move": 0
        },
        {
            "time": 71.517,
            "move": 2
        },
        {
            "time": 72.005,
            "move": 2
        },
        {
            "time": 72.493,
            "move": 0
        },
        {
            "time": 72.957,
            "move": 3
        },
        {
            "time": 73.445,
            "move": 3
        },
        {
            "time": 73.932,
            "move": 1
        },
        {
            "time": 74.42,
            "move": 0
        },
        {
            "time": 74.908,
            "move": 0
        },
        {
            "time": 75.395,
            "move": 0
        },
        {
            "time": 75.883,
            "move": 3
        },
        {
            "time": 76.347,
            "move": 0
        },
        {
            "time": 76.835,
            "move": 3
        },
        {
            "time": 77.322,
            "move": 2
        },
        {
            "time": 77.81,
            "move": 2
        },
        {
            "time": 78.298,
            "move": 3
        },
        {
            "time": 78.785,
            "move": 2
        },
        {
            "time": 79.273,
            "move": 1
        },
        {
            "time": 79.737,
            "move": 1
        },
        {
            "time": 80.225,
            "move": 1
        },
        {
            "time": 80.713,
            "move": 0
        },
        {
            "time": 81.2,
            "move": 1
        },
        {
            "time": 81.688,
            "move": 0
        },
        {
            "time": 82.175,
            "move": 1
        },
        {
            "time": 82.663,
            "move": 3
        },
        {
            "time": 83.127,
            "move": 3
        },
        {
            "time": 83.615,
            "move": 0
        },
        {
            "time": 84.103,
            "move": 2
        },
        {
            "time": 84.59,
            "move": 0
        },
        {
            "time": 85.078,
            "move": 0
        },
        {
            "time": 85.566,
            "move": 1
        },
        {
            "time": 86.053,
            "move": 1
        },
        {
            "time": 86.541,
            "move": 3
        },
        {
            "time": 87.028,
            "move": 2
        },
        {
            "time": 87.493,
            "move": 0
        },
        {
            "time": 87.98,
            "move": 3
        },
        {
            "time": 88.468,
            "move": 1
        },
        {
            "time": 88.956,
            "move": 0
        },
        {
            "time": 89.443,
            "move": 1
        },
        {
            "time": 89.931,
            "move": 3
        },
        {
            "time": 90.419,
            "move": 0
        },
        {
            "time": 90.906,
            "move": 3
        },
        {
            "time": 91.371,
            "move": 0
        },
        {
            "time": 91.858,
            "move": 0
        },
        {
            "time": 92.346,
            "move": 2
        },
        {
            "time": 92.833,
            "move": 2
        },
        {
            "time": 93.321,
            "move": 1
        },
        {
            "time": 93.785,
            "move": 0
        },
        {
            "time": 94.273,
            "move": 2
        },
        {
            "time": 94.761,
            "move": 1
        },
        {
            "time": 95.248,
            "move": 2
        },
        {
            "time": 95.736,
            "move": 1
        },
        {
            "time": 96.223,
            "move": 1
        },
        {
            "time": 96.711,
            "move": 0
        },
        {
            "time": 97.176,
            "move": 2
        },
        {
            "time": 97.663,
            "move": 0
        },
        {
            "time": 98.151,
            "move": 3
        },
        {
            "time": 98.638,
            "move": 1
        },
        {
            "time": 99.126,
            "move": 1
        },
        {
            "time": 99.614,
            "move": 0
        },
        {
            "time": 100.101,
            "move": 2
        },
        {
            "time": 100.589,
            "move": 2
        },
        {
            "time": 101.076,
            "move": 3
        },
        {
            "time": 101.541,
            "move": 3
        },
        {
            "time": 102.028,
            "move": 3
        },
        {
            "time": 102.516,
            "move": 2
        },
        {
            "time": 103.004,
            "move": 0
        },
        {
            "time": 103.491,
            "move": 0
        },
        {
            "time": 103.979,
            "move": 0
        },
        {
            "time": 104.443,
            "move": 1
        },
        {
            "time": 104.931,
            "move": 3
        },
        {
            "time": 105.419,
            "move": 3
        },
        {
            "time": 105.906,
            "move": 1
        },
        {
            "time": 106.394,
            "move": 1
        },
        {
            "time": 106.881,
            "move": 1
        },
        {
            "time": 107.369,
            "move": 3
        },
        {
            "time": 107.833,
            "move": 3
        },
        {
            "time": 108.321,
            "move": 3
        },
        {
            "time": 108.809,
            "move": 1
        },
        {
            "time": 109.296,
            "move": 2
        },
        {
            "time": 109.784,
            "move": 1
        },
        {
            "time": 110.272,
            "move": 1
        },
        {
            "time": 110.759,
            "move": 0
        },
        {
            "time": 111.224,
            "move": 1
        },
        {
            "time": 111.711,
            "move": 3
        },
        {
            "time": 112.199,
            "move": 0
        },
        {
            "time": 112.686,
            "move": 2
        },
        {
            "time": 113.174,
            "move": 1
        },
        {
            "time": 113.662,
            "move": 2
        },
        {
            "time": 114.126,
            "move": 0
        },
        {
            "time": 114.614,
            "move": 0
        },
        {
            "time": 115.101,
            "move": 3
        },
        {
            "time": 115.589,
            "move": 1
        },
        {
            "time": 116.077,
            "move": 0
        },
        {
            "time": 116.564,
            "move": 2
        },
        {
            "time": 117.052,
            "move": 2
        },
        {
            "time": 117.539,
            "move": 0
        },
        {
            "time": 118.027,
            "move": 3
        },
        {
            "time": 118.515,
            "move": 0
        },
        {
            "time": 118.979,
            "move": 1
        },
        {
            "time": 119.467,
            "move": 1
        },
        {
            "time": 119.954,
            "move": 0
        },
        {
            "time": 120.442,
            "move": 0
        },
        {
            "time": 120.93,
            "move": 1
        },
        {
            "time": 121.417,
            "move": 1
        },
        {
            "time": 121.905,
            "move": 2
        },
        {
            "time": 122.369,
            "move": 2
        },
        {
            "time": 122.857,
            "move": 2
        },
        {
            "time": 123.344,
            "move": 1
        },
        {
            "time": 123.832,
            "move": 2
        },
        {
            "time": 124.32,
            "move": 3
        },
        {
            "time": 124.807,
            "move": 0
        },
        {
            "time": 125.295,
            "move": 0
        },
        {
            "time": 125.759,
            "move": 2
        },
        {
            "time": 126.247,
            "move": 3
        },
        {
            "time": 126.735,
            "move": 1
        },
        {
            "time": 127.222,
            "move": 2
        },
        {
            "time": 127.71,
            "move": 0
        },
        {
            "time": 128.174,
            "move": 3
        },
        {
            "time": 128.662,
            "move": 3
        },
        {
            "time": 129.149,
            "move": 2
        },
        {
            "time": 129.637,
            "move": 3
        },
        {
            "time": 130.125,
            "move": 2
        },
        {
            "time": 130.612,
            "move": 2
        },
        {
            "time": 131.1,
            "move": 1
        },
        {
            "time": 131.587,
            "move": 3
        },
        {
            "time": 132.075,
            "move": 3
        },
        {
            "time": 132.54,
            "move": 1
        },
        {
            "time": 133.027,
            "move": 1
        },
        {
            "time": 133.515,
            "move": 2
        },
        {
            "time": 134.002,
            "move": 0
        },
        {
            "time": 134.49,
            "move": 2
        },
        {
            "time": 134.978,
            "move": 2
        },
        {
            "time": 135.465,
            "move": 0
        },
        {
            "time": 135.93,
            "move": 2
        },
        {
            "time": 136.417,
            "move": 2
        },
        {
            "time": 136.905,
            "move": 0
        },
        {
            "time": 137.369,
            "move": 2
        },
        {
            "time": 137.88,
            "move": 0
        },
        {
            "time": 138.368,
            "move": 1
        },
        {
            "time": 138.855,
            "move": 3
        },
        {
            "time": 139.32,
            "move": 0
        },
        {
            "time": 139.807,
            "move": 0
        },
        {
            "time": 140.295,
            "move": 1
        },
        {
            "time": 140.783,
            "move": 3
        },
        {
            "time": 141.27,
            "move": 2
        },
        {
            "time": 141.758,
            "move": 1
        },
        {
            "time": 142.222,
            "move": 0
        },
        {
            "time": 142.71,
            "move": 3
        },
        {
            "time": 143.221,
            "move": 2
        },
        {
            "time": 143.685,
            "move": 2
        },
        {
            "time": 144.173,
            "move": 1
        },
        {
            "time": 144.66,
            "move": 0
        },
        {
            "time": 145.148,
            "move": 1
        },
        {
            "time": 145.636,
            "move": 0
        },
        {
            "time": 146.1,
            "move": 0
        },
        {
            "time": 146.588,
            "move": 1
        },
        {
            "time": 147.075,
            "move": 1
        },
        {
            "time": 147.563,
            "move": 2
        },
        {
            "time": 148.05,
            "move": 2
        },
        {
            "time": 148.538,
            "move": 3
        },
        {
            "time": 149.026,
            "move": 1
        },
        {
            "time": 149.513,
            "move": 0
        },
        {
            "time": 149.978,
            "move": 1
        },
        {
            "time": 150.465,
            "move": 2
        },
        {
            "time": 150.953,
            "move": 1
        },
        {
            "time": 151.441,
            "move": 2
        },
        {
            "time": 151.928,
            "move": 1
        },
        {
            "time": 152.416,
            "move": 1
        },
        {
            "time": 152.903,
            "move": 1
        },
        {
            "time": 153.368,
            "move": 1
        },
        {
            "time": 153.855,
            "move": 1
        },
        {
            "time": 154.343,
            "move": 1
        },
        {
            "time": 154.831,
            "move": 3
        },
        {
            "time": 155.318,
            "move": 1
        },
        {
            "time": 155.806,
            "move": 1
        },
        {
            "time": 156.294,
            "move": 3
        },
        {
            "time": 156.781,
            "move": 0
        },
        {
            "time": 157.246,
            "move": 0
        },
        {
            "time": 157.733,
            "move": 0
        },
        {
            "time": 158.221,
            "move": 3
        },
        {
            "time": 158.708,
            "move": 3
        },
        {
            "time": 159.196,
            "move": 1
        },
        {
            "time": 159.684,
            "move": 0
        },
        {
            "time": 160.171,
            "move": 1
        },
        {
            "time": 160.659,
            "move": 2
        },
        {
            "time": 161.123,
            "move": 0
        },
        {
            "time": 161.611,
            "move": 0
        },
        {
            "time": 162.099,
            "move": 2
        },
        {
            "time": 162.586,
            "move": 0
        },
        {
            "time": 163.074,
            "move": 1
        },
        {
            "time": 163.538,
            "move": 3
        },
        {
            "time": 164.049,
            "move": 3
        },
        {
            "time": 164.537,
            "move": 2
        },
        {
            "time": 165.024,
            "move": 0
        },
        {
            "time": 165.512,
            "move": 0
        },
        {
            "time": 165.999,
            "move": 2
        },
        {
            "time": 166.51,
            "move": 0
        },
        {
            "time": 167.044,
            "move": 2
        },
        {
            "time": 167.578,
            "move": 0
        },
        {
            "time": 168.112,
            "move": 2
        },
        {
            "time": 168.623,
            "move": 3
        },
        {
            "time": 169.134,
            "move": 0
        },
        {
            "time": 169.622,
            "move": 2
        },
        {
            "time": 170.109,
            "move": 1
        },
        {
            "time": 170.597,
            "move": 3
        },
        {
            "time": 171.061,
            "move": 3
        },
        {
            "time": 171.526,
            "move": 2
        },
        {
            "time": 172.013,
            "move": 3
        },
        {
            "time": 172.524,
            "move": 0
        },
        {
            "time": 172.989,
            "move": 1
        },
        {
            "time": 173.476,
            "move": 2
        },
        {
            "time": 173.964,
            "move": 3
        },
        {
            "time": 174.452,
            "move": 2
        },
        {
            "time": 174.939,
            "move": 1
        },
        {
            "time": 175.404,
            "move": 1
        },
        {
            "time": 175.891,
            "move": 2
        },
        {
            "time": 176.379,
            "move": 2
        },
        {
            "time": 176.866,
            "move": 0
        },
        {
            "time": 177.354,
            "move": 3
        },
        {
            "time": 177.842,
            "move": 0
        },
        {
            "time": 178.329,
            "move": 1
        },
        {
            "time": 178.794,
            "move": 3
        },
        {
            "time": 179.281,
            "move": 0
        },
        {
            "time": 179.769,
            "move": 0
        },
        {
            "time": 180.257,
            "move": 0
        },
        {
            "time": 180.721,
            "move": 1
        },
        {
            "time": 181.209,
            "move": 0
        },
        {
            "time": 181.696,
            "move": 1
        },
        {
            "time": 182.184,
            "move": 1
        },
        {
            "time": 182.671,
            "move": 0
        },
        {
            "time": 183.159,
            "move": 1
        },
        {
            "time": 183.647,
            "move": 1
        },
        {
            "time": 184.134,
            "move": 1
        },
        {
            "time": 184.599,
            "move": 1
        },
        {
            "time": 185.086,
            "move": 3
        },
        {
            "time": 185.574,
            "move": 1
        },
        {
            "time": 186.061,
            "move": 0
        },
        {
            "time": 186.549,
            "move": 2
        },
        {
            "time": 187.037,
            "move": 2
        },
        {
            "time": 187.501,
            "move": 1
        },
        {
            "time": 187.896,
            "move": 1
        },
        {
            "time": 188.267,
            "move": 0
        },
        {
            "time": 188.732,
            "move": 3
        },
        {
            "time": 189.219,
            "move": 2
        },
        {
            "time": 189.707,
            "move": 2
        },
        {
            "time": 190.195,
            "move": 1
        },
        {
            "time": 190.682,
            "move": 1
        },
        {
            "time": 191.17,
            "move": 1
        },
        {
            "time": 191.634,
            "move": 1
        },
        {
            "time": 192.122,
            "move": 2
        },
        {
            "time": 192.61,
            "move": 0
        },
        {
            "time": 193.097,
            "move": 0
        },
        {
            "time": 193.585,
            "move": 2
        },
        {
            "time": 194.049,
            "move": 3
        },
        {
            "time": 194.537,
            "move": 3
        },
        {
            "time": 195.024,
            "move": 0
        },
        {
            "time": 195.512,
            "move": 2
        },
        {
            "time": 196.0,
            "move": 2
        },
        {
            "time": 196.487,
            "move": 2
        },
        {
            "time": 196.975,
            "move": 2
        },
        {
            "time": 197.462,
            "move": 1
        },
        {
            "time": 197.927,
            "move": 2
        },
        {
            "time": 198.415,
            "move": 2
        },
        {
            "time": 198.902,
            "move": 0
        },
        {
            "time": 199.39,
            "move": 1
        },
        {
            "time": 199.877,
            "move": 0
        },
        {
            "time": 200.365,
            "move": 1
        },
        {
            "time": 200.853,
            "move": 3
        },
        {
            "time": 201.34,
            "move": 1
        },
        {
            "time": 201.805,
            "move": 2
        },
        {
            "time": 202.292,
            "move": 1
        },
        {
            "time": 202.78,
            "move": 2
        },
        {
            "time": 203.267,
            "move": 1
        },
        {
            "time": 203.755,
            "move": 3
        },
        {
            "time": 204.243,
            "move": 3
        },
        {
            "time": 204.73,
            "move": 0
        },
        {
            "time": 205.218,
            "move": 2
        },
        {
            "time": 205.682,
            "move": 3
        },
        {
            "time": 206.17,
            "move": 1
        },
        {
            "time": 206.658,
            "move": 0
        },
        {
            "time": 207.145,
            "move": 2
        },
        {
            "time": 207.633,
            "move": 3
        },
        {
            "time": 208.12,
            "move": 0
        },
        {
            "time": 208.608,
            "move": 2
        },
        {
            "time": 209.072,
            "move": 1
        },
        {
            "time": 209.56,
            "move": 1
        },
        {
            "time": 210.048,
            "move": 2
        },
        {
            "time": 210.535,
            "move": 2
        },
        {
            "time": 211.023,
            "move": 3
        },
        {
            "time": 211.511,
            "move": 0
        },
        {
            "time": 211.998,
            "move": 0
        },
        {
            "time": 212.463,
            "move": 3
        },
        {
            "time": 212.95,
            "move": 2
        },
        {
            "time": 213.438,
            "move": 3
        },
        {
            "time": 213.925,
            "move": 0
        },
        {
            "time": 214.413,
            "move": 0
        },
        {
            "time": 214.901,
            "move": 2
        },
        {
            "time": 215.365,
            "move": 0
        },
        {
            "time": 215.853,
            "move": 1
        },
        {
            "time": 216.34,
            "move": 2
        },
        {
            "time": 216.828,
            "move": 1
        },
        {
            "time": 217.316,
            "move": 0
        },
        {
            "time": 217.803,
            "move": 0
        },
        {
            "time": 218.291,
            "move": 1
        },
        {
            "time": 218.778,
            "move": 2
        },
        {
            "time": 219.243,
            "move": 1
        },
        {
            "time": 219.73,
            "move": 1
        },
        {
            "time": 220.218,
            "move": 2
        },
        {
            "time": 220.706,
            "move": 1
        },
        {
            "time": 221.193,
            "move": 1
        },
        {
            "time": 221.681,
            "move": 0
        },
        {
            "time": 222.169,
            "move": 3
        },
        {
            "time": 222.633,
            "move": 1
        },
        {
            "time": 223.121,
            "move": 0
        },
        {
            "time": 223.608,
            "move": 3
        },
        {
            "time": 224.096,
            "move": 1
        },
        {
            "time": 224.583,
            "move": 1
        },
        {
            "time": 225.071,
            "move": 2
        },
        {
            "time": 225.559,
            "move": 2
        },
        {
            "time": 226.046,
            "move": 3
        },
        {
            "time": 226.511,
            "move": 2
        },
        {
            "time": 226.998,
            "move": 3
        },
        {
            "time": 227.486,
            "move": 2
        },
        {
            "time": 227.974,
            "move": 3
        },
        {
            "time": 228.461,
            "move": 2
        },
        {
            "time": 228.949,
            "move": 2
        },
        {
            "time": 229.436,
            "move": 0
        },
        {
            "time": 229.924,
            "move": 3
        },
        {
            "time": 230.388,
            "move": 1
        },
        {
            "time": 230.876,
            "move": 1
        },
        {
            "time": 231.364,
            "move": 3
        },
        {
            "time": 231.851,
            "move": 1
        },
        {
            "time": 232.339,
            "move": 2
        },
        {
            "time": 232.826,
            "move": 1
        },
        {
            "time": 233.291,
            "move": 3
        },
        {
            "time": 233.779,
            "move": 3
        },
        {
            "time": 234.266,
            "move": 2
        },
        {
            "time": 234.754,
            "move": 3
        },
        {
            "time": 235.241,
            "move": 1
        },
        {
            "time": 235.729,
            "move": 1
        },
        {
            "time": 236.217,
            "move": 1
        },
        {
            "time": 236.681,
            "move": 3
        },
        {
            "time": 237.169,
            "move": 1
        },
        {
            "time": 237.656,
            "move": 1
        },
        {
            "time": 238.144,
            "move": 1
        },
        {
            "time": 238.631,
            "move": 3
        },
        {
            "time": 239.119,
            "move": 3
        },
        {
            "time": 239.607,
            "move": 2
        },
        {
            "time": 240.071,
            "move": 1
        },
        {
            "time": 240.559,
            "move": 3
        },
        {
            "time": 241.046,
            "move": 3
        },
        {
            "time": 241.534,
            "move": 3
        },
        {
            "time": 242.022,
            "move": 1
        },
        {
            "time": 242.509,
            "move": 3
        },
        {
            "time": 242.997,
            "move": 3
        },
        {
            "time": 243.484,
            "move": 3
        },
        {
            "time": 243.972,
            "move": 2
        },
        {
            "time": 244.436,
            "move": 1
        },
        {
            "time": 244.924,
            "move": 1
        },
        {
            "time": 245.412,
            "move": 0
        },
        {
            "time": 245.899,
            "move": 3
        },
        {
            "time": 246.387,
            "move": 2
        },
        {
            "time": 246.875,
            "move": 1
        },
        {
            "time": 247.362,
            "move": 2
        },
        {
            "time": 247.827,
            "move": 3
        },
        {
            "time": 248.314,
            "move": 1
        },
        {
            "time": 248.802,
            "move": 2
        },
        {
            "time": 249.289,
            "move": 1
        },
        {
            "time": 249.777,
            "move": 1
        },
        {
            "time": 250.265,
            "move": 0
        },
        {
            "time": 250.752,
            "move": 1
        },
        {
            "time": 251.217,
            "move": 0
        },
        {
            "time": 251.704,
            "move": 3
        },
        {
            "time": 252.192,
            "move": 0
        },
        {
            "time": 252.68,
            "move": 0
        },
        {
            "time": 253.167,
            "move": 0
        },
        {
            "time": 253.655,
            "move": 1
        },
        {
            "time": 254.142,
            "move": 1
        },
        {
            "time": 254.607,
            "move": 3
        },
        {
            "time": 255.094,
            "move": 3
        },
        {
            "time": 255.582,
            "move": 0
        },
        {
            "time": 256.07,
            "move": 3
        },
        {
            "time": 256.557,
            "move": 0
        },
        {
            "time": 257.045,
            "move": 1
        },
        {
            "time": 257.533,
            "move": 3
        },
        {
            "time": 258.02,
            "move": 3
        },
        {
            "time": 258.485,
            "move": 3
        },
        {
            "time": 258.972,
            "move": 1
        },
        {
            "time": 259.46,
            "move": 2
        },
        {
            "time": 259.947,
            "move": 0
        },
        {
            "time": 260.435,
            "move": 2
        },
        {
            "time": 260.923,
            "move": 0
        },
        {
            "time": 261.41,
            "move": 2
        },
        {
            "time": 261.875,
            "move": 0
        },
        {
            "time": 262.362,
            "move": 1
        },
        {
            "time": 262.85,
            "move": 2
        },
        {
            "time": 263.338,
            "move": 3
        },
        {
            "time": 263.825,
            "move": 0
        },
        {
            "time": 264.313,
            "move": 2
        }
    ]
}