{
    "Title": "(I Just) Died In Your Arms",
    "Artist": "Cutting Crew",
    "BPM": 124,
    "songLength": 268.85223388671875,
    "numNotes": 555,
    "sections": {
        "0": {
            "start": 0.0
        },
        "1": {
            "start": 44.80870564778646
        },
        "2": {
            "start": 89.61741129557292
        },
        "3": {
            "start": 134.42611694335938
        },
        "4": {
            "start": 179.23482259114584
        },
        "5": {
            "start": 224.0435282389323
        }
    },
    "notes": [
        {
            "time": 0.07,
            "move": 2
        },
        {
            "time": 0.557,
            "move": 3
        },
        {
            "time": 1.045,
            "move": 1
        },
        {
            "time": 1.509,
            "move": 3
        },
        {
            "time": 1.997,
            "move": 3
        },
        {
            "time": 2.485,
            "move": 1
        },
        {
            "time": 2.972,
            "move": 3
        },
        {
            "time": 3.46,
            "move": 0
        },
        {
            "time": 3.924,
            "move": 2
        },
        {
            "time": 4.412,
            "move": 2
        },
        {
            "time": 4.899,
            "move": 3
        },
        {
            "time": 5.364,
            "move": 2
        },
        {
            "time": 5.851,
            "move": 2
        },
        {
            "time": 6.316,
            "move": 3
        },
        {
            "time": 6.803,
            "move": 0
        },
        {
            "time": 7.291,
            "move": 2
        },
        {
            "time": 7.779,
            "move": 2
        },
        {
            "time": 8.266,
            "move": 1
        },
        {
            "time": 8.731,
            "move": 0
        },
        {
            "time": 9.218,
            "move": 3
        },
        {
            "time": 9.706,
            "move": 3
        },
        {
            "time": 10.17,
            "move": 2
        },
        {
            "time": 10.658,
            "move": 2
        },
        {
            "time": 11.122,
            "move": 1
        },
        {
            "time": 11.61,
            "move": 0
        },
        {
            "time": 12.098,
            "move": 2
        },
        {
            "time": 12.585,
            "move": 1
        },
        {
            "time": 13.05,
            "move": 1
        },
        {
            "time": 13.537,
            "move": 2
        },
        {
            "time": 14.002,
            "move": 1
        },
        {
            "time": 14.489,
            "move": 1
        },
        {
            "time": 15.0,
            "move": 0
        },
        {
            "time": 15.534,
            "move": 1
        },
        {
            "time": 16.091,
            "move": 1
        },
        {
            "time": 16.625,
            "move": 3
        },
        {
            "time": 17.136,
            "move": 3
        },
        {
            "time": 17.601,
            "move": 0
        },
        {
            "time": 18.065,
            "move": 1
        },
        {
            "time": 18.553,
            "move": 0
        },
        {
            "time": 19.04,
            "move": 3
        },
        {
            "time": 19.528,
            "move": 0
        },
        {
            "time": 20.016,
            "move": 2
        },
        {
            "time": 20.48,
            "move": 3
        },
        {
            "time": 20.944,
            "move": 0
        },
        {
            "time": 21.432,
            "move": 0
        },
        {
            "time": 21.92,
            "move": 0
        },
        {
            "time": 22.407,
            "move": 1
        },
        {
            "time": 22.895,
            "move": 2
        },
        {
            "time": 23.382,
            "move": 3
        },
        {
            "time": 23.847,
            "move": 0
        },
        {
            "time": 24.311,
            "move": 2
        },
        {
            "time": 24.799,
            "move": 2
        },
        {
            "time": 25.287,
            "move": 1
        },
        {
            "time": 25.774,
            "move": 1
        },
        {
            "time": 26.262,
            "move": 3
        },
        {
            "time": 26.726,
            "move": 2
        },
        {
            "time": 27.237,
            "move": 3
        },
        {
            "time": 27.794,
            "move": 1
        },
        {
            "time": 28.305,
            "move": 2
        },
        {
            "time": 28.816,
            "move": 0
        },
        {
            "time": 29.304,
            "move": 2
        },
        {
            "time": 29.814,
            "move": 3
        },
        {
            "time": 30.302,
            "move": 0
        },
        {
            "time": 30.79,
            "move": 3
        },
        {
            "time": 31.277,
            "move": 0
        },
        {
            "time": 31.742,
            "move": 0
        },
        {
            "time": 32.229,
            "move": 1
        },
        {
            "time": 32.717,
            "move": 3
        },
        {
            "time": 33.205,
            "move": 1
        },
        {
            "time": 33.669,
            "move": 3
        },
        {
            "time": 34.157,
            "move": 2
        },
        {
            "time": 34.644,
            "move": 2
        },
        {
            "time": 35.109,
            "move": 1
        },
        {
            "time": 35.596,
            "move": 3
        },
        {
            "time": 36.084,
            "move": 2
        },
        {
            "time": 36.571,
            "move": 0
        },
        {
            "time": 37.059,
            "move": 0
        },
        {
            "time": 37.523,
            "move": 2
        },
        {
            "time": 37.988,
            "move": 0
        },
        {
            "time": 38.475,
            "move": 0
        },
        {
            "time": 38.94,
            "move": 3
        },
        {
            "time": 39.427,
            "move": 2
        },
        {
            "time": 39.915,
            "move": 1
        },
        {
            "time": 40.403,
            "move": 0
        },
        {
            "time": 40.89,
            "move": 0
        },
        {
            "time": 41.355,
            "move": 1
        },
        {
            "time": 41.842,
            "move": 1
        },
        {
            "time": 42.307,
            "move": 0
        },
        {
            "time": 42.794,
            "move": 0
        },
        {
            "time": 43.259,
            "move": 0
        },
        {
            "time": 43.77,
            "move": 1
        },
        {
            "time": 44.257,
            "move": 2
        },
        {
            "time": 44.722,
            "move": 0
        },
        {
            "time": 45.209,
            "move": 2
        },
        {
            "time": 45.674,
            "move": 2
        },
        {
            "time": 46.161,
            "move": 2
        },
        {
            "time": 46.649,
            "move": 2
        },
        {
            "time": 47.113,
            "move": 1
        },
        {
            "time": 47.601,
            "move": 3
        },
        {
            "time": 48.089,
            "move": 2
        },
        {
            "time": 48.576,
            "move": 0
        },
        {
            "time": 49.041,
            "move": 2
        },
        {
            "time": 49.505,
            "move": 1
        },
        {
            "time": 50.016,
            "move": 1
        },
        {
            "time": 50.503,
            "move": 0
        },
        {
            "time": 50.968,
            "move": 0
        },
        {
            "time": 51.455,
            "move": 2
        },
        {
            "time": 51.92,
            "move": 0
        },
        {
            "time": 52.407,
            "move": 1
        },
        {
            "time": 52.895,
            "move": 2
        },
        {
            "time": 53.359,
            "move": 1
        },
        {
            "time": 53.847,
            "move": 2
        },
        {
            "time": 54.335,
            "move": 0
        },
        {
            "time": 54.799,
            "move": 2
        },
        {
            "time": 55.287,
            "move": 3
        },
        {
            "time": 55.774,
            "move": 2
        },
        {
            "time": 56.262,
            "move": 0
        },
        {
            "time": 56.75,
            "move": 0
        },
        {
            "time": 57.214,
            "move": 2
        },
        {
            "time": 57.655,
            "move": 3
        },
        {
            "time": 58.166,
            "move": 2
        },
        {
            "time": 58.654,
            "move": 2
        },
        {
            "time": 59.141,
            "move": 3
        },
        {
            "time": 59.606,
            "move": 1
        },
        {
            "time": 60.093,
            "move": 1
        },
        {
            "time": 60.581,
            "move": 3
        },
        {
            "time": 61.045,
            "move": 2
        },
        {
            "time": 61.533,
            "move": 1
        },
        {
            "time": 62.02,
            "move": 3
        },
        {
            "time": 62.508,
            "move": 0
        },
        {
            "time": 62.973,
            "move": 2
        },
        {
            "time": 63.437,
            "move": 1
        },
        {
            "time": 63.925,
            "move": 3
        },
        {
            "time": 64.412,
            "move": 0
        },
        {
            "time": 64.877,
            "move": 3
        },
        {
            "time": 65.364,
            "move": 1
        },
        {
            "time": 65.852,
            "move": 3
        },
        {
            "time": 66.316,
            "move": 3
        },
        {
            "time": 66.804,
            "move": 3
        },
        {
            "time": 67.291,
            "move": 1
        },
        {
            "time": 67.756,
            "move": 2
        },
        {
            "time": 68.243,
            "move": 2
        },
        {
            "time": 68.731,
            "move": 0
        },
        {
            "time": 69.219,
            "move": 2
        },
        {
            "time": 69.706,
            "move": 1
        },
        {
            "time": 70.171,
            "move": 2
        },
        {
            "time": 70.658,
            "move": 1
        },
        {
            "time": 71.123,
            "move": 1
        },
        {
            "time": 71.61,
            "move": 0
        },
        {
            "time": 72.098,
            "move": 3
        },
        {
            "time": 72.586,
            "move": 2
        },
        {
            "time": 73.073,
            "move": 3
        },
        {
            "time": 73.538,
            "move": 2
        },
        {
            "time": 74.002,
            "move": 3
        },
        {
            "time": 74.49,
            "move": 3
        },
        {
            "time": 74.977,
            "move": 2
        },
        {
            "time": 75.465,
            "move": 0
        },
        {
            "time": 75.929,
            "move": 0
        },
        {
            "time": 76.417,
            "move": 3
        },
        {
            "time": 76.904,
            "move": 1
        },
        {
            "time": 77.369,
            "move": 2
        },
        {
            "time": 77.857,
            "move": 0
        },
        {
            "time": 78.344,
            "move": 3
        },
        {
            "time": 78.809,
            "move": 2
        },
        {
            "time": 79.296,
            "move": 3
        },
        {
            "time": 79.784,
            "move": 2
        },
        {
            "time": 80.248,
            "move": 0
        },
        {
            "time": 80.736,
            "move": 3
        },
        {
            "time": 81.223,
            "move": 3
        },
        {
            "time": 81.711,
            "move": 3
        },
        {
            "time": 82.175,
            "move": 2
        },
        {
            "time": 82.663,
            "move": 0
        },
        {
            "time": 83.127,
            "move": 3
        },
        {
            "time": 83.615,
            "move": 1
        },
        {
            "time": 84.103,
            "move": 0
        },
        {
            "time": 84.567,
            "move": 2
        },
        {
            "time": 85.055,
            "move": 3
        },
        {
            "time": 85.542,
            "move": 1
        },
        {
            "time": 86.007,
            "move": 3
        },
        {
            "time": 86.494,
            "move": 0
        },
        {
            "time": 86.982,
            "move": 1
        },
        {
            "time": 87.47,
            "move": 1
        },
        {
            "time": 87.934,
            "move": 1
        },
        {
            "time": 88.422,
            "move": 3
        },
        {
            "time": 88.909,
            "move": 0
        },
        {
            "time": 89.397,
            "move": 2
        },
        {
            "time": 89.861,
            "move": 3
        },
        {
            "time": 90.349,
            "move": 1
        },
        {
            "time": 90.836,
            "move": 3
        },
        {
            "time": 91.301,
            "move": 3
        },
        {
            "time": 91.788,
            "move": 0
        },
        {
            "time": 92.253,
            "move": 1
        },
        {
            "time": 92.74,
            "move": 0
        },
        {
            "time": 93.228,
            "move": 3
        },
        {
            "time": 93.693,
            "move": 3
        },
        {
            "time": 94.18,
            "move": 0
        },
        {
            "time": 94.668,
            "move": 1
        },
        {
            "time": 95.132,
            "move": 3
        },
        {
            "time": 95.62,
            "move": 1
        },
        {
            "time": 96.107,
            "move": 1
        },
        {
            "time": 96.572,
            "move": 0
        },
        {
            "time": 97.059,
            "move": 2
        },
        {
            "time": 97.547,
            "move": 2
        },
        {
            "time": 98.035,
            "move": 1
        },
        {
            "time": 98.522,
            "move": 2
        },
        {
            "time": 98.987,
            "move": 1
        },
        {
            "time": 99.451,
            "move": 2
        },
        {
            "time": 99.939,
            "move": 1
        },
        {
            "time": 100.426,
            "move": 2
        },
        {
            "time": 100.914,
            "move": 0
        },
        {
            "time": 101.378,
            "move": 2
        },
        {
            "time": 101.866,
            "move": 0
        },
        {
            "time": 102.33,
            "move": 1
        },
        {
            "time": 102.841,
            "move": 0
        },
        {
            "time": 103.306,
            "move": 0
        },
        {
            "time": 103.793,
            "move": 3
        },
        {
            "time": 104.258,
            "move": 1
        },
        {
            "time": 104.745,
            "move": 3
        },
        {
            "time": 105.233,
            "move": 2
        },
        {
            "time": 105.72,
            "move": 0
        },
        {
            "time": 106.185,
            "move": 0
        },
        {
            "time": 106.672,
            "move": 1
        },
        {
            "time": 107.137,
            "move": 2
        },
        {
            "time": 107.624,
            "move": 3
        },
        {
            "time": 108.112,
            "move": 2
        },
        {
            "time": 108.6,
            "move": 3
        },
        {
            "time": 109.064,
            "move": 1
        },
        {
            "time": 109.552,
            "move": 3
        },
        {
            "time": 110.039,
            "move": 1
        },
        {
            "time": 110.527,
            "move": 2
        },
        {
            "time": 110.991,
            "move": 3
        },
        {
            "time": 111.456,
            "move": 0
        },
        {
            "time": 111.943,
            "move": 0
        },
        {
            "time": 112.431,
            "move": 0
        },
        {
            "time": 112.919,
            "move": 1
        },
        {
            "time": 113.406,
            "move": 0
        },
        {
            "time": 113.894,
            "move": 0
        },
        {
            "time": 114.358,
            "move": 3
        },
        {
            "time": 114.846,
            "move": 1
        },
        {
            "time": 115.334,
            "move": 1
        },
        {
            "time": 115.798,
            "move": 2
        },
        {
            "time": 116.286,
            "move": 1
        },
        {
            "time": 116.773,
            "move": 1
        },
        {
            "time": 117.238,
            "move": 2
        },
        {
            "time": 117.725,
            "move": 3
        },
        {
            "time": 118.213,
            "move": 2
        },
        {
            "time": 118.677,
            "move": 0
        },
        {
            "time": 119.165,
            "move": 3
        },
        {
            "time": 119.652,
            "move": 2
        },
        {
            "time": 120.117,
            "move": 3
        },
        {
            "time": 120.604,
            "move": 0
        },
        {
            "time": 121.069,
            "move": 1
        },
        {
            "time": 121.556,
            "move": 0
        },
        {
            "time": 122.021,
            "move": 0
        },
        {
            "time": 122.532,
            "move": 2
        },
        {
            "time": 122.996,
            "move": 1
        },
        {
            "time": 123.484,
            "move": 3
        },
        {
            "time": 123.948,
            "move": 1
        },
        {
            "time": 124.436,
            "move": 1
        },
        {
            "time": 124.923,
            "move": 2
        },
        {
            "time": 125.388,
            "move": 1
        },
        {
            "time": 125.875,
            "move": 2
        },
        {
            "time": 126.363,
            "move": 2
        },
        {
            "time": 126.851,
            "move": 2
        },
        {
            "time": 127.338,
            "move": 0
        },
        {
            "time": 127.803,
            "move": 0
        },
        {
            "time": 128.267,
            "move": 0
        },
        {
            "time": 128.755,
            "move": 0
        },
        {
            "time": 129.242,
            "move": 3
        },
        {
            "time": 129.73,
            "move": 3
        },
        {
            "time": 130.194,
            "move": 2
        },
        {
            "time": 130.682,
            "move": 3
        },
        {
            "time": 131.146,
            "move": 1
        },
        {
            "time": 131.634,
            "move": 0
        },
        {
            "time": 132.122,
            "move": 1
        },
        {
            "time": 132.609,
            "move": 0
        },
        {
            "time": 133.074,
            "move": 2
        },
        {
            "time": 133.561,
            "move": 0
        },
        {
            "time": 134.026,
            "move": 1
        },
        {
            "time": 134.49,
            "move": 2
        },
        {
            "time": 135.001,
            "move": 2
        },
        {
            "time": 135.488,
            "move": 2
        },
        {
            "time": 135.976,
            "move": 0
        },
        {
            "time": 136.44,
            "move": 0
        },
        {
            "time": 136.928,
            "move": 1
        },
        {
            "time": 137.416,
            "move": 1
        },
        {
            "time": 137.88,
            "move": 2
        },
        {
            "time": 138.368,
            "move": 2
        },
        {
            "time": 138.855,
            "move": 0
        },
        {
            "time": 139.32,
            "move": 2
        },
        {
            "time": 139.807,
            "move": 2
        },
        {
            "time": 140.272,
            "move": 1
        },
        {
            "time": 140.759,
            "move": 3
        },
        {
            "time": 141.247,
            "move": 1
        },
        {
            "time": 141.735,
            "move": 0
        },
        {
            "time": 142.222,
            "move": 3
        },
        {
            "time": 142.687,
            "move": 1
        },
        {
            "time": 143.174,
            "move": 2
        },
        {
            "time": 143.639,
            "move": 2
        },
        {
            "time": 144.126,
            "move": 1
        },
        {
            "time": 144.614,
            "move": 1
        },
        {
            "time": 145.101,
            "move": 2
        },
        {
            "time": 145.566,
            "move": 2
        },
        {
            "time": 146.054,
            "move": 0
        },
        {
            "time": 146.541,
            "move": 3
        },
        {
            "time": 147.006,
            "move": 0
        },
        {
            "time": 147.493,
            "move": 2
        },
        {
            "time": 147.981,
            "move": 0
        },
        {
            "time": 148.445,
            "move": 3
        },
        {
            "time": 148.933,
            "move": 0
        },
        {
            "time": 149.42,
            "move": 0
        },
        {
            "time": 149.885,
            "move": 3
        },
        {
            "time": 150.372,
            "move": 2
        },
        {
            "time": 150.86,
            "move": 0
        },
        {
            "time": 151.324,
            "move": 0
        },
        {
            "time": 151.812,
            "move": 1
        },
        {
            "time": 152.3,
            "move": 1
        },
        {
            "time": 152.764,
            "move": 3
        },
        {
            "time": 153.252,
            "move": 2
        },
        {
            "time": 153.739,
            "move": 3
        },
        {
            "time": 154.227,
            "move": 1
        },
        {
            "time": 154.691,
            "move": 0
        },
        {
            "time": 155.179,
            "move": 1
        },
        {
            "time": 155.643,
            "move": 3
        },
        {
            "time": 156.131,
            "move": 1
        },
        {
            "time": 156.619,
            "move": 0
        },
        {
            "time": 157.083,
            "move": 0
        },
        {
            "time": 157.571,
            "move": 2
        },
        {
            "time": 158.058,
            "move": 3
        },
        {
            "time": 158.546,
            "move": 3
        },
        {
            "time": 159.01,
            "move": 0
        },
        {
            "time": 159.498,
            "move": 0
        },
        {
            "time": 159.985,
            "move": 3
        },
        {
            "time": 160.473,
            "move": 2
        },
        {
            "time": 160.938,
            "move": 3
        },
        {
            "time": 161.425,
            "move": 1
        },
        {
            "time": 161.913,
            "move": 2
        },
        {
            "time": 162.377,
            "move": 1
        },
        {
            "time": 162.842,
            "move": 3
        },
        {
            "time": 163.329,
            "move": 1
        },
        {
            "time": 163.817,
            "move": 1
        },
        {
            "time": 164.304,
            "move": 2
        },
        {
            "time": 164.792,
            "move": 3
        },
        {
            "time": 165.256,
            "move": 1
        },
        {
            "time": 165.744,
            "move": 1
        },
        {
            "time": 166.232,
            "move": 0
        },
        {
            "time": 166.696,
            "move": 3
        },
        {
            "time": 167.184,
            "move": 3
        },
        {
            "time": 167.671,
            "move": 3
        },
        {
            "time": 168.159,
            "move": 0
        },
        {
            "time": 168.623,
            "move": 1
        },
        {
            "time": 169.111,
            "move": 3
        },
        {
            "time": 169.575,
            "move": 0
        },
        {
            "time": 170.04,
            "move": 2
        },
        {
            "time": 170.527,
            "move": 3
        },
        {
            "time": 171.015,
            "move": 3
        },
        {
            "time": 171.479,
            "move": 0
        },
        {
            "time": 171.967,
            "move": 2
        },
        {
            "time": 172.455,
            "move": 2
        },
        {
            "time": 172.942,
            "move": 2
        },
        {
            "time": 173.43,
            "move": 0
        },
        {
            "time": 173.894,
            "move": 1
        },
        {
            "time": 174.382,
            "move": 2
        },
        {
            "time": 174.869,
            "move": 3
        },
        {
            "time": 175.334,
            "move": 2
        },
        {
            "time": 175.821,
            "move": 3
        },
        {
            "time": 176.286,
            "move": 1
        },
        {
            "time": 176.774,
            "move": 0
        },
        {
            "time": 177.261,
            "move": 0
        },
        {
            "time": 177.749,
            "move": 0
        },
        {
            "time": 178.236,
            "move": 2
        },
        {
            "time": 178.701,
            "move": 1
        },
        {
            "time": 179.188,
            "move": 2
        },
        {
            "time": 179.676,
            "move": 3
        },
        {
            "time": 180.14,
            "move": 3
        },
        {
            "time": 180.628,
            "move": 1
        },
        {
            "time": 181.139,
            "move": 3
        },
        {
            "time": 181.603,
            "move": 2
        },
        {
            "time": 182.091,
            "move": 1
        },
        {
            "time": 182.555,
            "move": 2
        },
        {
            "time": 182.996,
            "move": 0
        },
        {
            "time": 183.507,
            "move": 2
        },
        {
            "time": 183.995,
            "move": 3
        },
        {
            "time": 184.436,
            "move": 3
        },
        {
            "time": 184.924,
            "move": 3
        },
        {
            "time": 185.411,
            "move": 3
        },
        {
            "time": 185.899,
            "move": 1
        },
        {
            "time": 186.387,
            "move": 0
        },
        {
            "time": 186.851,
            "move": 3
        },
        {
            "time": 187.339,
            "move": 1
        },
        {
            "time": 187.826,
            "move": 3
        },
        {
            "time": 188.291,
            "move": 2
        },
        {
            "time": 188.778,
            "move": 0
        },
        {
            "time": 189.266,
            "move": 0
        },
        {
            "time": 189.753,
            "move": 3
        },
        {
            "time": 190.241,
            "move": 0
        },
        {
            "time": 190.729,
            "move": 0
        },
        {
            "time": 191.193,
            "move": 1
        },
        {
            "time": 191.681,
            "move": 0
        },
        {
            "time": 192.168,
            "move": 3
        },
        {
            "time": 192.656,
            "move": 1
        },
        {
            "time": 193.144,
            "move": 0
        },
        {
            "time": 193.608,
            "move": 2
        },
        {
            "time": 194.072,
            "move": 3
        },
        {
            "time": 194.56,
            "move": 3
        },
        {
            "time": 195.048,
            "move": 1
        },
        {
            "time": 195.535,
            "move": 2
        },
        {
            "time": 196.0,
            "move": 3
        },
        {
            "time": 196.487,
            "move": 1
        },
        {
            "time": 196.952,
            "move": 0
        },
        {
            "time": 197.439,
            "move": 2
        },
        {
            "time": 197.927,
            "move": 0
        },
        {
            "time": 198.391,
            "move": 1
        },
        {
            "time": 198.879,
            "move": 1
        },
        {
            "time": 199.367,
            "move": 1
        },
        {
            "time": 199.854,
            "move": 0
        },
        {
            "time": 200.319,
            "move": 1
        },
        {
            "time": 200.806,
            "move": 2
        },
        {
            "time": 201.294,
            "move": 3
        },
        {
            "time": 201.758,
            "move": 3
        },
        {
            "time": 202.199,
            "move": 3
        },
        {
            "time": 202.641,
            "move": 2
        },
        {
            "time": 203.082,
            "move": 3
        },
        {
            "time": 203.546,
            "move": 1
        },
        {
            "time": 204.011,
            "move": 0
        },
        {
            "time": 204.475,
            "move": 0
        },
        {
            "time": 204.939,
            "move": 3
        },
        {
            "time": 205.427,
            "move": 3
        },
        {
            "time": 205.891,
            "move": 0
        },
        {
            "time": 206.356,
            "move": 0
        },
        {
            "time": 206.843,
            "move": 2
        },
        {
            "time": 207.308,
            "move": 3
        },
        {
            "time": 207.795,
            "move": 2
        },
        {
            "time": 208.283,
            "move": 1
        },
        {
            "time": 208.747,
            "move": 0
        },
        {
            "time": 209.212,
            "move": 1
        },
        {
            "time": 209.723,
            "move": 0
        },
        {
            "time": 210.164,
            "move": 2
        },
        {
            "time": 210.675,
            "move": 1
        },
        {
            "time": 211.162,
            "move": 1
        },
        {
            "time": 211.65,
            "move": 1
        },
        {
            "time": 212.114,
            "move": 1
        },
        {
            "time": 212.579,
            "move": 2
        },
        {
            "time": 213.066,
            "move": 0
        },
        {
            "time": 213.554,
            "move": 1
        },
        {
            "time": 214.042,
            "move": 0
        },
        {
            "time": 214.529,
            "move": 3
        },
        {
            "time": 214.994,
            "move": 0
        },
        {
            "time": 215.504,
            "move": 0
        },
        {
            "time": 216.062,
            "move": 2
        },
        {
            "time": 216.642,
            "move": 2
        },
        {
            "time": 217.13,
            "move": 0
        },
        {
            "time": 217.617,
            "move": 0
        },
        {
            "time": 218.082,
            "move": 2
        },
        {
            "time": 218.569,
            "move": 3
        },
        {
            "time": 219.057,
            "move": 1
        },
        {
            "time": 219.545,
            "move": 3
        },
        {
            "time": 220.032,
            "move": 1
        },
        {
            "time": 220.497,
            "move": 1
        },
        {
            "time": 220.984,
            "move": 0
        },
        {
            "time": 221.449,
            "move": 0
        },
        {
            "time": 221.913,
            "move": 1
        },
        {
            "time": 222.401,
            "move": 3
        },
        {
            "time": 222.888,
            "move": 1
        },
        {
            "time": 223.376,
            "move": 0
        },
        {
            "time": 223.864,
            "move": 2
        },
        {
            "time": 224.328,
            "move": 2
        },
        {
            "time": 224.816,
            "move": 1
        },
        {
            "time": 225.303,
            "move": 1
        },
        {
            "time": 225.768,
            "move": 0
        },
        {
            "time": 226.255,
            "move": 0
        },
        {
            "time": 226.743,
            "move": 0
        },
        {
            "time": 227.23,
            "move": 2
        },
        {
            "time": 227.695,
            "move": 1
        },
        {
            "time": 228.182,
            "move": 2
        },
        {
            "time": 228.647,
            "move": 0
        },
        {
            "time": 229.135,
            "move": 3
        },
        {
            "time": 229.622,
            "move": 1
        },
        {
            "time": 230.11,
            "move": 0
        },
        {
            "time": 230.574,
            "move": 1
        },
        {
            "time": 231.062,
            "move": 0
        },
        {
            "time": 231.549,
            "move": 0
        },
        {
            "time": 232.014,
            "move": 2
        },
        {
            "time": 232.478,
            "move": 1
        },
        {
            "time": 232.966,
            "move": 3
        },
        {
            "time": 233.453,
            "move": 3
        },
        {
            "time": 233.941,
            "move": 2
        },
        {
            "time": 234.429,
            "move": 2
        },
        {
            "time": 234.893,
            "move": 2
        },
        {
            "time": 235.381,
            "move": 3
        },
        {
            "time": 235.868,
            "move": 1
        },
        {
            "time": 236.333,
            "move": 2
        },
        {
            "time": 236.82,
            "move": 2
        },
        {
            "time": 237.308,
            "move": 2
        },
        {
            "time": 237.772,
            "move": 3
        },
        {
            "time": 238.26,
            "move": 0
        },
        {
            "time": 238.748,
            "move": 0
        },
        {
            "time": 239.235,
            "move": 3
        },
        {
            "time": 239.7,
            "move": 2
        },
        {
            "time": 240.187,
            "move": 1
        },
        {
            "time": 240.675,
            "move": 1
        },
        {
            "time": 241.162,
            "move": 2
        },
        {
            "time": 241.627,
            "move": 2
        },
        {
            "time": 242.114,
            "move": 0
        },
        {
            "time": 242.602,
            "move": 3
        },
        {
            "time": 243.066,
            "move": 0
        },
        {
            "time": 243.554,
            "move": 0
        },
        {
            "time": 244.042,
            "move": 3
        },
        {
            "time": 244.506,
            "move": 3
        },
        {
            "time": 244.994,
            "move": 0
        },
        {
            "time": 245.481,
            "move": 1
        },
        {
            "time": 245.969,
            "move": 0
        },
        {
            "time": 246.433,
            "move": 2
        },
        {
            "time": 246.898,
            "move": 1
        },
        {
            "time": 247.385,
            "move": 0
        },
        {
            "time": 247.873,
            "move": 3
        },
        {
            "time": 248.337,
            "move": 3
        },
        {
            "time": 248.825,
            "move": 2
        },
        {
            "time": 249.313,
            "move": 0
        },
        {
            "time": 249.777,
            "move": 0
        },
        {
            "time": 250.265,
            "move": 1
        },
        {
            "time": 250.752,
            "move": 1
        },
        {
            "time": 251.217,
            "move": 3
        },
        {
            "time": 251.704,
            "move": 3
        },
        {
            "time": 252.192,
            "move": 1
        },
        {
            "time": 252.68,
            "move": 0
        },
        {
            "time": 253.167,
            "move": 2
        },
        {
            "time": 253.655,
            "move": 2
        },
        {
            "time": 254.119,
            "move": 3
        },
        {
            "time": 254.584,
            "move": 2
        },
        {
            "time": 255.071,
            "move": 0
        },
        {
            "time": 255.536,
            "move": 3
        },
        {
            "time": 256.023,
            "move": 0
        },
        {
            "time": 256.511,
            "move": 3
        },
        {
            "time": 256.998,
            "move": 0
        },
        {
            "time": 257.463,
            "move": 2
        },
        {
            "time": 257.95,
            "move": 2
        },
        {
            "time": 258.438,
            "move": 1
        },
        {
            "time": 258.926,
            "move": 2
        },
        {
            "time": 259.39,
            "move": 3
        },
        {
            "time": 259.878,
            "move": 2
        },
        {
            "time": 260.342,
            "move": 3
        },
        {
            "time": 260.83,
            "move": 1
        },
        {
            "time": 261.317,
            "move": 1
        },
        {
            "time": 261.805,
            "move": 0
        },
        {
            "time": 262.269,
            "move": 3
        },
        {
            "time": 262.757,
            "move": 3
        },
        {
            "time": 263.245,
            "move": 2
        },
        {
            "time": 263.709,
            "move": 1
        },
        {
            "time": 264.197,
            "move": 1
        },
        {
            "time": 264.684,
            "move": 3
        },
        {
            "time": 265.149,
            "move": 3
        },
        {
            "time": 265.636,
            "move": 0
        },
        {
            "time": 266.124,
            "move": 1
        },
        {
            "time": 266.612,
            "move": 0
        }
    ]
}