{
    "Title": "Take on Me",
    "Artist": "a-ha",
    "BPM": 152,
    "songLength": 223.03346252441406,
    "numNotes": 566,
    "sections": {
        "0": {
            "start": 0.0
        },
        "1": {
            "start": 37.17224375406901
        },
        "2": {
            "start": 74.34448750813802
        },
        "3": {
            "start": 111.51673126220703
        },
        "4": {
            "start": 148.68897501627603
        },
        "5": {
            "start": 185.86121877034503
        }
    },
    "notes": [
        {
            "time": 0.07,
            "move": 1
        },
        {
            "time": 0.441,
            "move": 3
        },
        {
            "time": 0.789,
            "move": 2
        },
        {
            "time": 1.138,
            "move": 2
        },
        {
            "time": 1.509,
            "move": 0
        },
        {
            "time": 1.858,
            "move": 3
        },
        {
            "time": 2.206,
            "move": 1
        },
        {
            "time": 2.554,
            "move": 3
        },
        {
            "time": 2.926,
            "move": 2
        },
        {
            "time": 3.274,
            "move": 1
        },
        {
            "time": 3.646,
            "move": 1
        },
        {
            "time": 3.994,
            "move": 1
        },
        {
            "time": 4.342,
            "move": 0
        },
        {
            "time": 4.69,
            "move": 0
        },
        {
            "time": 5.062,
            "move": 0
        },
        {
            "time": 5.41,
            "move": 3
        },
        {
            "time": 5.759,
            "move": 1
        },
        {
            "time": 6.13,
            "move": 3
        },
        {
            "time": 6.478,
            "move": 0
        },
        {
            "time": 6.827,
            "move": 2
        },
        {
            "time": 7.198,
            "move": 0
        },
        {
            "time": 7.546,
            "move": 0
        },
        {
            "time": 7.895,
            "move": 3
        },
        {
            "time": 8.243,
            "move": 1
        },
        {
            "time": 8.615,
            "move": 3
        },
        {
            "time": 8.963,
            "move": 2
        },
        {
            "time": 9.311,
            "move": 3
        },
        {
            "time": 9.66,
            "move": 3
        },
        {
            "time": 10.031,
            "move": 2
        },
        {
            "time": 10.379,
            "move": 3
        },
        {
            "time": 10.728,
            "move": 3
        },
        {
            "time": 11.099,
            "move": 3
        },
        {
            "time": 11.447,
            "move": 2
        },
        {
            "time": 11.796,
            "move": 1
        },
        {
            "time": 12.167,
            "move": 2
        },
        {
            "time": 12.516,
            "move": 0
        },
        {
            "time": 12.864,
            "move": 0
        },
        {
            "time": 13.212,
            "move": 0
        },
        {
            "time": 13.584,
            "move": 3
        },
        {
            "time": 13.932,
            "move": 0
        },
        {
            "time": 14.303,
            "move": 3
        },
        {
            "time": 14.652,
            "move": 0
        },
        {
            "time": 15.0,
            "move": 1
        },
        {
            "time": 15.348,
            "move": 0
        },
        {
            "time": 15.72,
            "move": 1
        },
        {
            "time": 16.068,
            "move": 2
        },
        {
            "time": 16.417,
            "move": 0
        },
        {
            "time": 16.765,
            "move": 0
        },
        {
            "time": 17.136,
            "move": 1
        },
        {
            "time": 17.485,
            "move": 2
        },
        {
            "time": 17.856,
            "move": 2
        },
        {
            "time": 18.204,
            "move": 3
        },
        {
            "time": 18.553,
            "move": 0
        },
        {
            "time": 18.901,
            "move": 1
        },
        {
            "time": 19.273,
            "move": 3
        },
        {
            "time": 19.621,
            "move": 0
        },
        {
            "time": 19.969,
            "move": 3
        },
        {
            "time": 20.341,
            "move": 2
        },
        {
            "time": 20.689,
            "move": 2
        },
        {
            "time": 21.037,
            "move": 0
        },
        {
            "time": 21.409,
            "move": 0
        },
        {
            "time": 21.757,
            "move": 2
        },
        {
            "time": 22.105,
            "move": 3
        },
        {
            "time": 22.454,
            "move": 2
        },
        {
            "time": 22.825,
            "move": 0
        },
        {
            "time": 23.174,
            "move": 3
        },
        {
            "time": 23.522,
            "move": 3
        },
        {
            "time": 23.87,
            "move": 2
        },
        {
            "time": 24.242,
            "move": 3
        },
        {
            "time": 24.59,
            "move": 0
        },
        {
            "time": 24.938,
            "move": 0
        },
        {
            "time": 25.31,
            "move": 3
        },
        {
            "time": 25.658,
            "move": 1
        },
        {
            "time": 26.006,
            "move": 1
        },
        {
            "time": 26.355,
            "move": 3
        },
        {
            "time": 26.726,
            "move": 1
        },
        {
            "time": 27.074,
            "move": 3
        },
        {
            "time": 27.423,
            "move": 3
        },
        {
            "time": 27.794,
            "move": 3
        },
        {
            "time": 28.143,
            "move": 1
        },
        {
            "time": 28.491,
            "move": 1
        },
        {
            "time": 28.839,
            "move": 1
        },
        {
            "time": 29.211,
            "move": 3
        },
        {
            "time": 29.559,
            "move": 3
        },
        {
            "time": 29.931,
            "move": 0
        },
        {
            "time": 30.279,
            "move": 2
        },
        {
            "time": 30.627,
            "move": 1
        },
        {
            "time": 30.975,
            "move": 0
        },
        {
            "time": 31.347,
            "move": 0
        },
        {
            "time": 31.695,
            "move": 3
        },
        {
            "time": 32.044,
            "move": 3
        },
        {
            "time": 32.392,
            "move": 1
        },
        {
            "time": 32.763,
            "move": 2
        },
        {
            "time": 33.112,
            "move": 0
        },
        {
            "time": 33.46,
            "move": 1
        },
        {
            "time": 33.831,
            "move": 1
        },
        {
            "time": 34.157,
            "move": 3
        },
        {
            "time": 34.528,
            "move": 0
        },
        {
            "time": 34.876,
            "move": 1
        },
        {
            "time": 35.225,
            "move": 0
        },
        {
            "time": 35.596,
            "move": 1
        },
        {
            "time": 35.944,
            "move": 3
        },
        {
            "time": 36.293,
            "move": 3
        },
        {
            "time": 36.641,
            "move": 2
        },
        {
            "time": 37.013,
            "move": 3
        },
        {
            "time": 37.361,
            "move": 1
        },
        {
            "time": 37.732,
            "move": 1
        },
        {
            "time": 38.081,
            "move": 0
        },
        {
            "time": 38.429,
            "move": 0
        },
        {
            "time": 38.777,
            "move": 2
        },
        {
            "time": 39.126,
            "move": 3
        },
        {
            "time": 39.497,
            "move": 0
        },
        {
            "time": 39.845,
            "move": 3
        },
        {
            "time": 40.194,
            "move": 3
        },
        {
            "time": 40.565,
            "move": 3
        },
        {
            "time": 40.914,
            "move": 0
        },
        {
            "time": 41.262,
            "move": 3
        },
        {
            "time": 41.61,
            "move": 1
        },
        {
            "time": 41.982,
            "move": 1
        },
        {
            "time": 42.33,
            "move": 2
        },
        {
            "time": 42.655,
            "move": 2
        },
        {
            "time": 43.027,
            "move": 1
        },
        {
            "time": 43.398,
            "move": 0
        },
        {
            "time": 43.746,
            "move": 2
        },
        {
            "time": 44.095,
            "move": 3
        },
        {
            "time": 44.466,
            "move": 2
        },
        {
            "time": 44.815,
            "move": 3
        },
        {
            "time": 45.163,
            "move": 3
        },
        {
            "time": 45.534,
            "move": 2
        },
        {
            "time": 45.883,
            "move": 3
        },
        {
            "time": 46.231,
            "move": 3
        },
        {
            "time": 46.579,
            "move": 0
        },
        {
            "time": 46.951,
            "move": 0
        },
        {
            "time": 47.299,
            "move": 2
        },
        {
            "time": 47.647,
            "move": 1
        },
        {
            "time": 47.996,
            "move": 3
        },
        {
            "time": 48.367,
            "move": 2
        },
        {
            "time": 48.715,
            "move": 1
        },
        {
            "time": 49.041,
            "move": 2
        },
        {
            "time": 49.412,
            "move": 3
        },
        {
            "time": 49.784,
            "move": 0
        },
        {
            "time": 50.132,
            "move": 1
        },
        {
            "time": 50.48,
            "move": 2
        },
        {
            "time": 50.852,
            "move": 2
        },
        {
            "time": 51.223,
            "move": 3
        },
        {
            "time": 51.572,
            "move": 0
        },
        {
            "time": 51.92,
            "move": 3
        },
        {
            "time": 52.268,
            "move": 1
        },
        {
            "time": 52.616,
            "move": 3
        },
        {
            "time": 52.965,
            "move": 1
        },
        {
            "time": 53.336,
            "move": 0
        },
        {
            "time": 53.685,
            "move": 2
        },
        {
            "time": 54.033,
            "move": 2
        },
        {
            "time": 54.381,
            "move": 2
        },
        {
            "time": 54.753,
            "move": 3
        },
        {
            "time": 55.101,
            "move": 0
        },
        {
            "time": 55.449,
            "move": 1
        },
        {
            "time": 55.821,
            "move": 2
        },
        {
            "time": 56.169,
            "move": 2
        },
        {
            "time": 56.517,
            "move": 0
        },
        {
            "time": 56.889,
            "move": 3
        },
        {
            "time": 57.237,
            "move": 3
        },
        {
            "time": 57.585,
            "move": 3
        },
        {
            "time": 57.934,
            "move": 0
        },
        {
            "time": 58.282,
            "move": 1
        },
        {
            "time": 58.654,
            "move": 0
        },
        {
            "time": 59.002,
            "move": 0
        },
        {
            "time": 59.35,
            "move": 0
        },
        {
            "time": 59.699,
            "move": 0
        },
        {
            "time": 60.07,
            "move": 3
        },
        {
            "time": 60.418,
            "move": 1
        },
        {
            "time": 60.767,
            "move": 1
        },
        {
            "time": 61.115,
            "move": 3
        },
        {
            "time": 61.486,
            "move": 3
        },
        {
            "time": 61.835,
            "move": 2
        },
        {
            "time": 62.183,
            "move": 1
        },
        {
            "time": 62.531,
            "move": 2
        },
        {
            "time": 62.903,
            "move": 0
        },
        {
            "time": 63.251,
            "move": 2
        },
        {
            "time": 63.623,
            "move": 1
        },
        {
            "time": 63.971,
            "move": 1
        },
        {
            "time": 64.319,
            "move": 2
        },
        {
            "time": 64.668,
            "move": 2
        },
        {
            "time": 65.039,
            "move": 1
        },
        {
            "time": 65.387,
            "move": 2
        },
        {
            "time": 65.736,
            "move": 3
        },
        {
            "time": 66.084,
            "move": 2
        },
        {
            "time": 66.456,
            "move": 1
        },
        {
            "time": 66.804,
            "move": 2
        },
        {
            "time": 67.152,
            "move": 2
        },
        {
            "time": 67.524,
            "move": 2
        },
        {
            "time": 67.872,
            "move": 2
        },
        {
            "time": 68.22,
            "move": 2
        },
        {
            "time": 68.569,
            "move": 2
        },
        {
            "time": 68.94,
            "move": 1
        },
        {
            "time": 69.288,
            "move": 2
        },
        {
            "time": 69.637,
            "move": 1
        },
        {
            "time": 69.985,
            "move": 0
        },
        {
            "time": 70.356,
            "move": 1
        },
        {
            "time": 70.705,
            "move": 0
        },
        {
            "time": 71.053,
            "move": 2
        },
        {
            "time": 71.425,
            "move": 3
        },
        {
            "time": 71.773,
            "move": 1
        },
        {
            "time": 72.121,
            "move": 2
        },
        {
            "time": 72.469,
            "move": 3
        },
        {
            "time": 72.841,
            "move": 2
        },
        {
            "time": 73.189,
            "move": 3
        },
        {
            "time": 73.538,
            "move": 1
        },
        {
            "time": 73.909,
            "move": 0
        },
        {
            "time": 74.257,
            "move": 3
        },
        {
            "time": 74.606,
            "move": 0
        },
        {
            "time": 74.954,
            "move": 3
        },
        {
            "time": 75.326,
            "move": 3
        },
        {
            "time": 75.674,
            "move": 0
        },
        {
            "time": 76.022,
            "move": 3
        },
        {
            "time": 76.37,
            "move": 3
        },
        {
            "time": 76.742,
            "move": 1
        },
        {
            "time": 77.09,
            "move": 2
        },
        {
            "time": 77.462,
            "move": 0
        },
        {
            "time": 77.81,
            "move": 2
        },
        {
            "time": 78.158,
            "move": 1
        },
        {
            "time": 78.507,
            "move": 3
        },
        {
            "time": 78.855,
            "move": 2
        },
        {
            "time": 79.226,
            "move": 0
        },
        {
            "time": 79.575,
            "move": 2
        },
        {
            "time": 79.923,
            "move": 0
        },
        {
            "time": 80.295,
            "move": 2
        },
        {
            "time": 80.643,
            "move": 0
        },
        {
            "time": 80.991,
            "move": 0
        },
        {
            "time": 81.34,
            "move": 0
        },
        {
            "time": 81.711,
            "move": 3
        },
        {
            "time": 82.059,
            "move": 2
        },
        {
            "time": 82.431,
            "move": 1
        },
        {
            "time": 82.779,
            "move": 3
        },
        {
            "time": 83.127,
            "move": 1
        },
        {
            "time": 83.476,
            "move": 0
        },
        {
            "time": 83.824,
            "move": 2
        },
        {
            "time": 84.172,
            "move": 0
        },
        {
            "time": 84.521,
            "move": 0
        },
        {
            "time": 84.892,
            "move": 1
        },
        {
            "time": 85.264,
            "move": 1
        },
        {
            "time": 85.612,
            "move": 3
        },
        {
            "time": 85.96,
            "move": 0
        },
        {
            "time": 86.309,
            "move": 1
        },
        {
            "time": 86.68,
            "move": 2
        },
        {
            "time": 87.028,
            "move": 1
        },
        {
            "time": 87.377,
            "move": 0
        },
        {
            "time": 87.725,
            "move": 3
        },
        {
            "time": 88.097,
            "move": 2
        },
        {
            "time": 88.445,
            "move": 2
        },
        {
            "time": 88.793,
            "move": 0
        },
        {
            "time": 89.141,
            "move": 1
        },
        {
            "time": 89.513,
            "move": 1
        },
        {
            "time": 89.861,
            "move": 3
        },
        {
            "time": 90.233,
            "move": 3
        },
        {
            "time": 90.581,
            "move": 3
        },
        {
            "time": 90.929,
            "move": 0
        },
        {
            "time": 91.278,
            "move": 2
        },
        {
            "time": 91.649,
            "move": 3
        },
        {
            "time": 91.997,
            "move": 3
        },
        {
            "time": 92.346,
            "move": 1
        },
        {
            "time": 92.694,
            "move": 1
        },
        {
            "time": 93.066,
            "move": 3
        },
        {
            "time": 93.414,
            "move": 1
        },
        {
            "time": 93.762,
            "move": 0
        },
        {
            "time": 94.11,
            "move": 3
        },
        {
            "time": 94.482,
            "move": 3
        },
        {
            "time": 94.83,
            "move": 2
        },
        {
            "time": 95.179,
            "move": 3
        },
        {
            "time": 95.55,
            "move": 0
        },
        {
            "time": 95.898,
            "move": 0
        },
        {
            "time": 96.247,
            "move": 3
        },
        {
            "time": 96.618,
            "move": 0
        },
        {
            "time": 96.967,
            "move": 0
        },
        {
            "time": 97.315,
            "move": 0
        },
        {
            "time": 97.663,
            "move": 1
        },
        {
            "time": 98.035,
            "move": 1
        },
        {
            "time": 98.383,
            "move": 3
        },
        {
            "time": 98.731,
            "move": 3
        },
        {
            "time": 99.08,
            "move": 1
        },
        {
            "time": 99.428,
            "move": 2
        },
        {
            "time": 99.799,
            "move": 2
        },
        {
            "time": 100.148,
            "move": 2
        },
        {
            "time": 100.496,
            "move": 1
        },
        {
            "time": 100.844,
            "move": 2
        },
        {
            "time": 101.216,
            "move": 1
        },
        {
            "time": 101.564,
            "move": 1
        },
        {
            "time": 101.912,
            "move": 3
        },
        {
            "time": 102.261,
            "move": 1
        },
        {
            "time": 102.632,
            "move": 3
        },
        {
            "time": 102.98,
            "move": 0
        },
        {
            "time": 103.352,
            "move": 0
        },
        {
            "time": 103.7,
            "move": 1
        },
        {
            "time": 104.049,
            "move": 0
        },
        {
            "time": 104.397,
            "move": 1
        },
        {
            "time": 104.745,
            "move": 1
        },
        {
            "time": 105.117,
            "move": 2
        },
        {
            "time": 105.465,
            "move": 2
        },
        {
            "time": 105.813,
            "move": 2
        },
        {
            "time": 106.185,
            "move": 2
        },
        {
            "time": 106.533,
            "move": 2
        },
        {
            "time": 106.881,
            "move": 1
        },
        {
            "time": 107.23,
            "move": 3
        },
        {
            "time": 107.601,
            "move": 0
        },
        {
            "time": 107.95,
            "move": 2
        },
        {
            "time": 108.298,
            "move": 0
        },
        {
            "time": 108.646,
            "move": 2
        },
        {
            "time": 109.018,
            "move": 2
        },
        {
            "time": 109.366,
            "move": 2
        },
        {
            "time": 109.714,
            "move": 0
        },
        {
            "time": 110.086,
            "move": 2
        },
        {
            "time": 110.434,
            "move": 0
        },
        {
            "time": 110.782,
            "move": 2
        },
        {
            "time": 111.131,
            "move": 3
        },
        {
            "time": 111.502,
            "move": 0
        },
        {
            "time": 111.851,
            "move": 1
        },
        {
            "time": 112.199,
            "move": 2
        },
        {
            "time": 112.57,
            "move": 0
        },
        {
            "time": 112.919,
            "move": 2
        },
        {
            "time": 113.267,
            "move": 3
        },
        {
            "time": 113.615,
            "move": 3
        },
        {
            "time": 113.964,
            "move": 0
        },
        {
            "time": 114.335,
            "move": 1
        },
        {
            "time": 114.683,
            "move": 0
        },
        {
            "time": 115.032,
            "move": 1
        },
        {
            "time": 115.38,
            "move": 2
        },
        {
            "time": 115.751,
            "move": 3
        },
        {
            "time": 116.1,
            "move": 3
        },
        {
            "time": 116.448,
            "move": 1
        },
        {
            "time": 116.82,
            "move": 2
        },
        {
            "time": 117.168,
            "move": 0
        },
        {
            "time": 117.516,
            "move": 3
        },
        {
            "time": 117.888,
            "move": 3
        },
        {
            "time": 118.236,
            "move": 3
        },
        {
            "time": 118.584,
            "move": 0
        },
        {
            "time": 118.933,
            "move": 2
        },
        {
            "time": 119.304,
            "move": 3
        },
        {
            "time": 119.652,
            "move": 3
        },
        {
            "time": 120.001,
            "move": 1
        },
        {
            "time": 120.372,
            "move": 1
        },
        {
            "time": 120.721,
            "move": 2
        },
        {
            "time": 121.069,
            "move": 2
        },
        {
            "time": 121.417,
            "move": 0
        },
        {
            "time": 121.789,
            "move": 2
        },
        {
            "time": 122.137,
            "move": 3
        },
        {
            "time": 122.485,
            "move": 3
        },
        {
            "time": 122.834,
            "move": 1
        },
        {
            "time": 123.205,
            "move": 1
        },
        {
            "time": 123.553,
            "move": 0
        },
        {
            "time": 123.902,
            "move": 0
        },
        {
            "time": 124.273,
            "move": 2
        },
        {
            "time": 124.621,
            "move": 2
        },
        {
            "time": 124.97,
            "move": 0
        },
        {
            "time": 125.318,
            "move": 0
        },
        {
            "time": 125.69,
            "move": 3
        },
        {
            "time": 126.038,
            "move": 3
        },
        {
            "time": 126.386,
            "move": 3
        },
        {
            "time": 126.735,
            "move": 3
        },
        {
            "time": 127.106,
            "move": 1
        },
        {
            "time": 127.454,
            "move": 0
        },
        {
            "time": 127.803,
            "move": 0
        },
        {
            "time": 128.174,
            "move": 1
        },
        {
            "time": 128.522,
            "move": 0
        },
        {
            "time": 128.871,
            "move": 0
        },
        {
            "time": 129.242,
            "move": 3
        },
        {
            "time": 129.591,
            "move": 1
        },
        {
            "time": 129.939,
            "move": 3
        },
        {
            "time": 130.287,
            "move": 1
        },
        {
            "time": 130.589,
            "move": 2
        },
        {
            "time": 130.891,
            "move": 0
        },
        {
            "time": 131.193,
            "move": 3
        },
        {
            "time": 131.541,
            "move": 0
        },
        {
            "time": 131.889,
            "move": 3
        },
        {
            "time": 132.261,
            "move": 2
        },
        {
            "time": 132.609,
            "move": 0
        },
        {
            "time": 132.957,
            "move": 2
        },
        {
            "time": 133.306,
            "move": 3
        },
        {
            "time": 133.677,
            "move": 3
        },
        {
            "time": 134.026,
            "move": 2
        },
        {
            "time": 134.374,
            "move": 0
        },
        {
            "time": 134.722,
            "move": 3
        },
        {
            "time": 135.094,
            "move": 0
        },
        {
            "time": 135.442,
            "move": 1
        },
        {
            "time": 135.79,
            "move": 3
        },
        {
            "time": 136.139,
            "move": 2
        },
        {
            "time": 136.51,
            "move": 3
        },
        {
            "time": 136.858,
            "move": 1
        },
        {
            "time": 137.207,
            "move": 0
        },
        {
            "time": 137.555,
            "move": 2
        },
        {
            "time": 137.857,
            "move": 2
        },
        {
            "time": 138.159,
            "move": 1
        },
        {
            "time": 138.461,
            "move": 1
        },
        {
            "time": 138.809,
            "move": 2
        },
        {
            "time": 139.157,
            "move": 0
        },
        {
            "time": 139.505,
            "move": 1
        },
        {
            "time": 139.877,
            "move": 1
        },
        {
            "time": 140.225,
            "move": 0
        },
        {
            "time": 140.574,
            "move": 2
        },
        {
            "time": 140.922,
            "move": 1
        },
        {
            "time": 141.293,
            "move": 0
        },
        {
            "time": 141.642,
            "move": 3
        },
        {
            "time": 141.99,
            "move": 1
        },
        {
            "time": 142.338,
            "move": 3
        },
        {
            "time": 142.71,
            "move": 0
        },
        {
            "time": 143.058,
            "move": 0
        },
        {
            "time": 143.43,
            "move": 1
        },
        {
            "time": 143.778,
            "move": 2
        },
        {
            "time": 144.126,
            "move": 1
        },
        {
            "time": 144.475,
            "move": 0
        },
        {
            "time": 144.823,
            "move": 3
        },
        {
            "time": 145.194,
            "move": 2
        },
        {
            "time": 145.543,
            "move": 1
        },
        {
            "time": 145.891,
            "move": 2
        },
        {
            "time": 146.262,
            "move": 3
        },
        {
            "time": 146.611,
            "move": 1
        },
        {
            "time": 146.959,
            "move": 0
        },
        {
            "time": 147.307,
            "move": 0
        },
        {
            "time": 147.656,
            "move": 0
        },
        {
            "time": 148.004,
            "move": 0
        },
        {
            "time": 148.376,
            "move": 2
        },
        {
            "time": 148.724,
            "move": 2
        },
        {
            "time": 149.072,
            "move": 1
        },
        {
            "time": 149.42,
            "move": 2
        },
        {
            "time": 149.792,
            "move": 3
        },
        {
            "time": 150.14,
            "move": 2
        },
        {
            "time": 150.489,
            "move": 2
        },
        {
            "time": 150.837,
            "move": 2
        },
        {
            "time": 151.208,
            "move": 2
        },
        {
            "time": 151.557,
            "move": 0
        },
        {
            "time": 151.905,
            "move": 3
        },
        {
            "time": 152.253,
            "move": 1
        },
        {
            "time": 152.625,
            "move": 2
        },
        {
            "time": 152.973,
            "move": 3
        },
        {
            "time": 153.321,
            "move": 0
        },
        {
            "time": 153.67,
            "move": 3
        },
        {
            "time": 154.018,
            "move": 3
        },
        {
            "time": 154.366,
            "move": 2
        },
        {
            "time": 154.738,
            "move": 2
        },
        {
            "time": 155.086,
            "move": 3
        },
        {
            "time": 155.434,
            "move": 0
        },
        {
            "time": 155.783,
            "move": 0
        },
        {
            "time": 156.154,
            "move": 0
        },
        {
            "time": 156.502,
            "move": 3
        },
        {
            "time": 156.851,
            "move": 2
        },
        {
            "time": 157.199,
            "move": 0
        },
        {
            "time": 157.571,
            "move": 1
        },
        {
            "time": 157.919,
            "move": 1
        },
        {
            "time": 158.267,
            "move": 1
        },
        {
            "time": 158.616,
            "move": 3
        },
        {
            "time": 158.987,
            "move": 1
        },
        {
            "time": 159.335,
            "move": 3
        },
        {
            "time": 159.684,
            "move": 2
        },
        {
            "time": 160.032,
            "move": 2
        },
        {
            "time": 160.403,
            "move": 2
        },
        {
            "time": 160.729,
            "move": 0
        },
        {
            "time": 161.1,
            "move": 2
        },
        {
            "time": 161.448,
            "move": 0
        },
        {
            "time": 161.797,
            "move": 3
        },
        {
            "time": 162.145,
            "move": 3
        },
        {
            "time": 162.516,
            "move": 1
        },
        {
            "time": 162.865,
            "move": 2
        },
        {
            "time": 163.213,
            "move": 1
        },
        {
            "time": 163.561,
            "move": 2
        },
        {
            "time": 163.933,
            "move": 0
        },
        {
            "time": 164.258,
            "move": 3
        },
        {
            "time": 164.629,
            "move": 3
        },
        {
            "time": 164.978,
            "move": 1
        },
        {
            "time": 165.349,
            "move": 0
        },
        {
            "time": 165.698,
            "move": 1
        },
        {
            "time": 166.046,
            "move": 0
        },
        {
            "time": 166.394,
            "move": 0
        },
        {
            "time": 166.742,
            "move": 2
        },
        {
            "time": 167.091,
            "move": 0
        },
        {
            "time": 167.462,
            "move": 2
        },
        {
            "time": 167.811,
            "move": 0
        },
        {
            "time": 168.159,
            "move": 1
        },
        {
            "time": 168.53,
            "move": 0
        },
        {
            "time": 168.879,
            "move": 0
        },
        {
            "time": 169.227,
            "move": 0
        },
        {
            "time": 169.575,
            "move": 0
        },
        {
            "time": 169.947,
            "move": 2
        },
        {
            "time": 170.295,
            "move": 1
        },
        {
            "time": 170.643,
            "move": 2
        },
        {
            "time": 170.992,
            "move": 1
        },
        {
            "time": 171.363,
            "move": 0
        },
        {
            "time": 171.712,
            "move": 3
        },
        {
            "time": 172.06,
            "move": 0
        },
        {
            "time": 172.408,
            "move": 1
        },
        {
            "time": 172.78,
            "move": 1
        },
        {
            "time": 173.128,
            "move": 0
        },
        {
            "time": 173.476,
            "move": 1
        },
        {
            "time": 173.825,
            "move": 3
        },
        {
            "time": 174.173,
            "move": 0
        },
        {
            "time": 174.544,
            "move": 2
        },
        {
            "time": 174.893,
            "move": 0
        },
        {
            "time": 175.241,
            "move": 3
        },
        {
            "time": 175.613,
            "move": 0
        },
        {
            "time": 175.961,
            "move": 2
        },
        {
            "time": 176.309,
            "move": 3
        },
        {
            "time": 176.657,
            "move": 1
        },
        {
            "time": 177.006,
            "move": 3
        },
        {
            "time": 177.377,
            "move": 2
        },
        {
            "time": 177.726,
            "move": 1
        },
        {
            "time": 178.074,
            "move": 1
        },
        {
            "time": 178.422,
            "move": 3
        },
        {
            "time": 178.794,
            "move": 1
        },
        {
            "time": 179.142,
            "move": 0
        },
        {
            "time": 179.49,
            "move": 1
        },
        {
            "time": 179.839,
            "move": 0
        },
        {
            "time": 180.21,
            "move": 2
        },
        {
            "time": 180.558,
            "move": 0
        },
        {
            "time": 180.907,
            "move": 1
        },
        {
            "time": 181.255,
            "move": 2
        },
        {
            "time": 181.603,
            "move": 3
        },
        {
            "time": 181.975,
            "move": 2
        },
        {
            "time": 182.323,
            "move": 0
        },
        {
            "time": 182.695,
            "move": 1
        },
        {
            "time": 183.043,
            "move": 2
        },
        {
            "time": 183.391,
            "move": 0
        },
        {
            "time": 183.74,
            "move": 3
        },
        {
            "time": 184.088,
            "move": 3
        },
        {
            "time": 184.436,
            "move": 0
        },
        {
            "time": 184.784,
            "move": 0
        },
        {
            "time": 185.156,
            "move": 0
        },
        {
            "time": 185.504,
            "move": 0
        },
        {
            "time": 185.876,
            "move": 3
        },
        {
            "time": 186.224,
            "move": 1
        },
        {
            "time": 186.572,
            "move": 0
        },
        {
            "time": 186.921,
            "move": 0
        },
        {
            "time": 187.269,
            "move": 3
        },
        {
            "time": 187.617,
            "move": 0
        },
        {
            "time": 187.989,
            "move": 3
        },
        {
            "time": 188.337,
            "move": 0
        },
        {
            "time": 188.685,
            "move": 3
        },
        {
            "time": 189.057,
            "move": 3
        },
        {
            "time": 189.405,
            "move": 1
        },
        {
            "time": 189.753,
            "move": 3
        },
        {
            "time": 190.102,
            "move": 3
        },
        {
            "time": 190.45,
            "move": 0
        },
        {
            "time": 190.822,
            "move": 3
        },
        {
            "time": 191.17,
            "move": 0
        },
        {
            "time": 191.518,
            "move": 0
        },
        {
            "time": 191.866,
            "move": 1
        },
        {
            "time": 192.238,
            "move": 1
        },
        {
            "time": 192.586,
            "move": 2
        },
        {
            "time": 192.935,
            "move": 2
        },
        {
            "time": 193.306,
            "move": 0
        },
        {
            "time": 193.654,
            "move": 1
        },
        {
            "time": 194.003,
            "move": 1
        },
        {
            "time": 194.351,
            "move": 2
        },
        {
            "time": 194.723,
            "move": 3
        },
        {
            "time": 195.071,
            "move": 1
        },
        {
            "time": 195.419,
            "move": 1
        },
        {
            "time": 195.767,
            "move": 2
        },
        {
            "time": 196.116,
            "move": 3
        },
        {
            "time": 196.487,
            "move": 0
        },
        {
            "time": 196.836,
            "move": 2
        },
        {
            "time": 197.184,
            "move": 3
        },
        {
            "time": 197.532,
            "move": 1
        },
        {
            "time": 197.904,
            "move": 2
        },
        {
            "time": 198.252,
            "move": 0
        },
        {
            "time": 198.6,
            "move": 1
        },
        {
            "time": 198.949,
            "move": 0
        },
        {
            "time": 199.32,
            "move": 2
        },
        {
            "time": 199.668,
            "move": 3
        },
        {
            "time": 200.017,
            "move": 0
        },
        {
        "time": 200.365,
        "move": 2
        },
        {
        "time": 200.713,
        "move": 3
        },
        {
        "time": 201.061,
        "move": 1
        },
        {
        "time": 201.452,
        "move": 2
        },
        {
        "time": 201.844,
        "move": 0
        },
        {
        "time": 202.236,
        "move": 1
        },
        {
        "time": 202.628,
        "move": 3
        },
        {
        "time": 203.020,
        "move": 2
        },
        {
        "time": 203.412,
        "move": 3
        },
        {
        "time": 203.804,
        "move": 1
        },
        {
        "time": 204.196,
        "move": 0
        },
        {
        "time": 204.588,
        "move": 2
        },
        {
        "time": 204.980,
        "move": 2
        },
        {
        "time": 205.372,
        "move": 3
        },
        {
        "time": 205.764,
        "move": 1
        },
        {
        "time": 206.156,
        "move": 0
        },
        {
        "time": 206.548,
        "move": 1
        },
        {
        "time": 206.940,
        "move": 2
        },
        {
        "time": 207.332,
        "move": 3
        },
        {
        "time": 207.724,
        "move": 0
        },
        {
        "time": 208.116,
        "move": 1
        },
        {
        "time": 208.508,
        "move": 1
        },
        {
        "time": 208.900,
        "move": 2
        },
        {
        "time": 209.292,
        "move": 3
        },
        {
        "time": 209.684,
        "move": 0
        },
        {
        "time": 210.076,
        "move": 2
        },
        {
        "time": 210.468,
        "move": 1
        },
        {
        "time": 210.860,
        "move": 3
        },
        {
        "time": 211.252,
        "move": 2
        },
        {
        "time": 211.644,
        "move": 0
        },
        {
        "time": 212.036,
        "move": 1
        },
        {
        "time": 212.428,
        "move": 3
        },
        {
        "time": 212.820,
        "move": 2
        },
        {
        "time": 213.212,
        "move": 1
        },
        {
        "time": 213.604,
        "move": 0
        },
        {
        "time": 213.996,
        "move": 1
        },
        {
        "time": 214.388,
        "move": 2
        },
        {
        "time": 214.780,
        "move": 3
        },
        {
        "time": 215.172,
        "move": 3
        },
        {
        "time": 215.564,
        "move": 1
        },
        {
        "time": 215.956,
        "move": 0
        },
        {
        "time": 216.348,
        "move": 2
        },
        {
        "time": 216.740,
        "move": 1
        },
        {
        "time": 217.132,
        "move": 3
        },
        {
        "time": 217.524,
        "move": 2
        },
        {
        "time": 217.916,
        "move": 1
        },
        {
        "time": 218.308,
        "move": 0
        },
        {
        "time": 218.700,
        "move": 2
        },
        {
        "time": 219.092,
        "move": 3
        },
        {
        "time": 219.484,
        "move": 1
        },
        {
        "time": 219.876,
        "move": 2
        },
        {
        "time": 220.268,
        "move": 0
        },
        {
        "time": 220.660,
        "move": 1
        },
        {
        "time": 221.052,
        "move": 3
        },
        {
        "time": 221.444,
        "move": 2
        },
        {
        "time": 221.836,
        "move": 1
        },
        {
        "time": 222.228,
        "move": 0
        },
        {
        "time": 222.620,
        "move": 2
        },
        {
        "time": 223.012,
        "move": 0
        }
    ]
}