{
    "Title": "We Are Charlie Kirk",
    "Artist": "SPALEXMA",
    "BPM": 131,
    "songLength": 224.65306091308594,
    "numNotes": 489,
    "sections": {
        "0": {
            "start": 0.0
        },
        "1": {
            "start": 37.442176818847656
        },
        "2": {
            "start": 74.88435363769531
        },
        "3": {
            "start": 112.32653045654297
        },
        "4": {
            "start": 149.76870727539062
        },
        "5": {
            "start": 187.21088409423828
        }
    },
    "notes": [
        {
            "time": 0.139,
            "move": 2
        },
        {
            "time": 0.58,
            "move": 0
        },
        {
            "time": 1.022,
            "move": 3
        },
        {
            "time": 1.463,
            "move": 3
        },
        {
            "time": 1.904,
            "move": 1
        },
        {
            "time": 2.368,
            "move": 1
        },
        {
            "time": 2.81,
            "move": 0
        },
        {
            "time": 3.274,
            "move": 0
        },
        {
            "time": 3.715,
            "move": 2
        },
        {
            "time": 4.156,
            "move": 1
        },
        {
            "time": 4.598,
            "move": 3
        },
        {
            "time": 5.039,
            "move": 2
        },
        {
            "time": 5.48,
            "move": 3
        },
        {
            "time": 5.921,
            "move": 3
        },
        {
            "time": 6.362,
            "move": 1
        },
        {
            "time": 6.78,
            "move": 2
        },
        {
            "time": 7.221,
            "move": 1
        },
        {
            "time": 7.663,
            "move": 1
        },
        {
            "time": 8.104,
            "move": 1
        },
        {
            "time": 8.545,
            "move": 3
        },
        {
            "time": 9.009,
            "move": 1
        },
        {
            "time": 9.474,
            "move": 0
        },
        {
            "time": 9.938,
            "move": 1
        },
        {
            "time": 10.379,
            "move": 2
        },
        {
            "time": 10.82,
            "move": 2
        },
        {
            "time": 11.262,
            "move": 0
        },
        {
            "time": 11.726,
            "move": 2
        },
        {
            "time": 12.167,
            "move": 0
        },
        {
            "time": 12.608,
            "move": 0
        },
        {
            "time": 13.026,
            "move": 2
        },
        {
            "time": 13.468,
            "move": 3
        },
        {
            "time": 13.886,
            "move": 3
        },
        {
            "time": 14.327,
            "move": 2
        },
        {
            "time": 14.721,
            "move": 3
        },
        {
            "time": 15.163,
            "move": 0
        },
        {
            "time": 15.627,
            "move": 3
        },
        {
            "time": 16.091,
            "move": 2
        },
        {
            "time": 16.556,
            "move": 2
        },
        {
            "time": 17.02,
            "move": 3
        },
        {
            "time": 17.485,
            "move": 2
        },
        {
            "time": 17.879,
            "move": 3
        },
        {
            "time": 18.297,
            "move": 1
        },
        {
            "time": 18.692,
            "move": 3
        },
        {
            "time": 19.11,
            "move": 2
        },
        {
            "time": 19.528,
            "move": 0
        },
        {
            "time": 19.946,
            "move": 2
        },
        {
            "time": 20.364,
            "move": 0
        },
        {
            "time": 20.782,
            "move": 1
        },
        {
            "time": 21.177,
            "move": 0
        },
        {
            "time": 21.595,
            "move": 2
        },
        {
            "time": 22.036,
            "move": 0
        },
        {
            "time": 22.593,
            "move": 2
        },
        {
            "time": 23.034,
            "move": 3
        },
        {
            "time": 23.475,
            "move": 2
        },
        {
            "time": 23.94,
            "move": 2
        },
        {
            "time": 24.404,
            "move": 1
        },
        {
            "time": 24.845,
            "move": 0
        },
        {
            "time": 25.31,
            "move": 1
        },
        {
            "time": 25.774,
            "move": 2
        },
        {
            "time": 26.215,
            "move": 0
        },
        {
            "time": 26.68,
            "move": 0
        },
        {
            "time": 27.144,
            "move": 3
        },
        {
            "time": 27.585,
            "move": 3
        },
        {
            "time": 28.026,
            "move": 1
        },
        {
            "time": 28.468,
            "move": 1
        },
        {
            "time": 28.909,
            "move": 1
        },
        {
            "time": 29.35,
            "move": 2
        },
        {
            "time": 29.768,
            "move": 2
        },
        {
            "time": 30.186,
            "move": 2
        },
        {
            "time": 30.604,
            "move": 3
        },
        {
            "time": 31.045,
            "move": 3
        },
        {
            "time": 31.486,
            "move": 1
        },
        {
            "time": 31.951,
            "move": 0
        },
        {
            "time": 32.322,
            "move": 1
        },
        {
            "time": 32.787,
            "move": 1
        },
        {
            "time": 33.228,
            "move": 2
        },
        {
            "time": 33.669,
            "move": 2
        },
        {
            "time": 34.087,
            "move": 2
        },
        {
            "time": 34.528,
            "move": 0
        },
        {
            "time": 34.969,
            "move": 0
        },
        {
            "time": 35.41,
            "move": 2
        },
        {
            "time": 35.852,
            "move": 0
        },
        {
            "time": 36.246,
            "move": 3
        },
        {
            "time": 36.664,
            "move": 2
        },
        {
            "time": 37.082,
            "move": 3
        },
        {
            "time": 37.5,
            "move": 3
        },
        {
            "time": 37.918,
            "move": 2
        },
        {
            "time": 38.336,
            "move": 3
        },
        {
            "time": 38.777,
            "move": 2
        },
        {
            "time": 39.219,
            "move": 0
        },
        {
            "time": 39.613,
            "move": 1
        },
        {
            "time": 40.031,
            "move": 1
        },
        {
            "time": 40.449,
            "move": 3
        },
        {
            "time": 40.844,
            "move": 0
        },
        {
            "time": 41.262,
            "move": 0
        },
        {
            "time": 41.703,
            "move": 1
        },
        {
            "time": 42.167,
            "move": 1
        },
        {
            "time": 42.609,
            "move": 0
        },
        {
            "time": 43.05,
            "move": 1
        },
        {
            "time": 43.514,
            "move": 3
        },
        {
            "time": 43.979,
            "move": 1
        },
        {
            "time": 44.42,
            "move": 1
        },
        {
            "time": 44.861,
            "move": 2
        },
        {
            "time": 45.302,
            "move": 2
        },
        {
            "time": 45.743,
            "move": 3
        },
        {
            "time": 46.184,
            "move": 3
        },
        {
            "time": 46.649,
            "move": 0
        },
        {
            "time": 47.137,
            "move": 1
        },
        {
            "time": 47.578,
            "move": 2
        },
        {
            "time": 48.019,
            "move": 1
        },
        {
            "time": 48.46,
            "move": 1
        },
        {
            "time": 48.924,
            "move": 3
        },
        {
            "time": 49.366,
            "move": 0
        },
        {
            "time": 49.807,
            "move": 2
        },
        {
            "time": 50.271,
            "move": 3
        },
        {
            "time": 50.736,
            "move": 2
        },
        {
            "time": 51.177,
            "move": 0
        },
        {
            "time": 51.618,
            "move": 2
        },
        {
            "time": 52.082,
            "move": 1
        },
        {
            "time": 52.524,
            "move": 2
        },
        {
            "time": 52.965,
            "move": 3
        },
        {
            "time": 53.429,
            "move": 3
        },
        {
            "time": 53.87,
            "move": 1
        },
        {
            "time": 54.335,
            "move": 0
        },
        {
            "time": 54.776,
            "move": 2
        },
        {
            "time": 55.217,
            "move": 2
        },
        {
            "time": 55.681,
            "move": 2
        },
        {
            "time": 56.123,
            "move": 2
        },
        {
            "time": 56.587,
            "move": 1
        },
        {
            "time": 57.028,
            "move": 1
        },
        {
            "time": 57.469,
            "move": 2
        },
        {
            "time": 57.911,
            "move": 1
        },
        {
            "time": 58.375,
            "move": 3
        },
        {
            "time": 58.816,
            "move": 0
        },
        {
            "time": 59.257,
            "move": 3
        },
        {
            "time": 59.722,
            "move": 2
        },
        {
            "time": 60.163,
            "move": 3
        },
        {
            "time": 60.627,
            "move": 2
        },
        {
            "time": 61.068,
            "move": 1
        },
        {
            "time": 61.51,
            "move": 2
        },
        {
            "time": 61.951,
            "move": 1
        },
        {
            "time": 62.392,
            "move": 1
        },
        {
            "time": 62.856,
            "move": 1
        },
        {
            "time": 63.298,
            "move": 2
        },
        {
            "time": 63.739,
            "move": 2
        },
        {
            "time": 64.18,
            "move": 2
        },
        {
            "time": 64.644,
            "move": 1
        },
        {
            "time": 65.109,
            "move": 2
        },
        {
            "time": 65.55,
            "move": 3
        },
        {
            "time": 65.991,
            "move": 1
        },
        {
            "time": 66.432,
            "move": 1
        },
        {
            "time": 66.897,
            "move": 1
        },
        {
            "time": 67.338,
            "move": 0
        },
        {
            "time": 67.779,
            "move": 0
        },
        {
            "time": 68.243,
            "move": 2
        },
        {
            "time": 68.685,
            "move": 3
        },
        {
            "time": 69.126,
            "move": 2
        },
        {
            "time": 69.567,
            "move": 3
        },
        {
            "time": 70.031,
            "move": 2
        },
        {
            "time": 70.473,
            "move": 0
        },
        {
            "time": 70.914,
            "move": 1
        },
        {
            "time": 71.378,
            "move": 1
        },
        {
            "time": 71.819,
            "move": 1
        },
        {
            "time": 72.26,
            "move": 2
        },
        {
            "time": 72.725,
            "move": 3
        },
        {
            "time": 73.189,
            "move": 1
        },
        {
            "time": 73.654,
            "move": 1
        },
        {
            "time": 74.095,
            "move": 3
        },
        {
            "time": 74.536,
            "move": 0
        },
        {
            "time": 75.0,
            "move": 1
        },
        {
            "time": 75.442,
            "move": 3
        },
        {
            "time": 75.883,
            "move": 1
        },
        {
            "time": 76.324,
            "move": 2
        },
        {
            "time": 76.812,
            "move": 0
        },
        {
            "time": 77.276,
            "move": 3
        },
        {
            "time": 77.74,
            "move": 0
        },
        {
            "time": 78.182,
            "move": 2
        },
        {
            "time": 78.623,
            "move": 1
        },
        {
            "time": 79.064,
            "move": 3
        },
        {
            "time": 79.505,
            "move": 1
        },
        {
            "time": 79.97,
            "move": 0
        },
        {
            "time": 80.434,
            "move": 0
        },
        {
            "time": 80.898,
            "move": 0
        },
        {
            "time": 81.363,
            "move": 1
        },
        {
            "time": 81.827,
            "move": 1
        },
        {
            "time": 82.292,
            "move": 1
        },
        {
            "time": 82.756,
            "move": 3
        },
        {
            "time": 83.197,
            "move": 0
        },
        {
            "time": 83.638,
            "move": 2
        },
        {
            "time": 84.103,
            "move": 2
        },
        {
            "time": 84.567,
            "move": 3
        },
        {
            "time": 85.008,
            "move": 0
        },
        {
            "time": 85.449,
            "move": 2
        },
        {
            "time": 85.891,
            "move": 2
        },
        {
            "time": 86.332,
            "move": 3
        },
        {
            "time": 86.773,
            "move": 0
        },
        {
            "time": 87.214,
            "move": 1
        },
        {
            "time": 87.725,
            "move": 0
        },
        {
            "time": 88.213,
            "move": 1
        },
        {
            "time": 88.677,
            "move": 2
        },
        {
            "time": 89.118,
            "move": 2
        },
        {
            "time": 89.583,
            "move": 1
        },
        {
            "time": 90.024,
            "move": 3
        },
        {
            "time": 90.488,
            "move": 0
        },
        {
            "time": 90.929,
            "move": 3
        },
        {
            "time": 91.394,
            "move": 0
        },
        {
            "time": 91.858,
            "move": 3
        },
        {
            "time": 92.323,
            "move": 2
        },
        {
            "time": 92.764,
            "move": 3
        },
        {
            "time": 93.228,
            "move": 3
        },
        {
            "time": 93.669,
            "move": 1
        },
        {
            "time": 94.134,
            "move": 0
        },
        {
            "time": 94.598,
            "move": 1
        },
        {
            "time": 95.039,
            "move": 2
        },
        {
            "time": 95.48,
            "move": 0
        },
        {
            "time": 95.945,
            "move": 3
        },
        {
            "time": 96.409,
            "move": 1
        },
        {
            "time": 96.85,
            "move": 1
        },
        {
            "time": 97.315,
            "move": 2
        },
        {
            "time": 97.779,
            "move": 2
        },
        {
            "time": 98.22,
            "move": 1
        },
        {
            "time": 98.685,
            "move": 3
        },
        {
            "time": 99.126,
            "move": 0
        },
        {
            "time": 99.59,
            "move": 1
        },
        {
            "time": 100.032,
            "move": 0
        },
        {
            "time": 100.496,
            "move": 0
        },
        {
            "time": 100.937,
            "move": 2
        },
        {
            "time": 101.402,
            "move": 1
        },
        {
            "time": 101.843,
            "move": 0
        },
        {
            "time": 102.284,
            "move": 0
        },
        {
            "time": 102.748,
            "move": 3
        },
        {
            "time": 103.213,
            "move": 2
        },
        {
            "time": 103.654,
            "move": 3
        },
        {
            "time": 104.118,
            "move": 0
        },
        {
            "time": 104.559,
            "move": 2
        },
        {
            "time": 105.024,
            "move": 2
        },
        {
            "time": 105.465,
            "move": 1
        },
        {
            "time": 105.906,
            "move": 1
        },
        {
            "time": 106.371,
            "move": 2
        },
        {
            "time": 106.835,
            "move": 1
        },
        {
            "time": 107.276,
            "move": 2
        },
        {
            "time": 107.741,
            "move": 1
        },
        {
            "time": 108.182,
            "move": 1
        },
        {
            "time": 108.623,
            "move": 2
        },
        {
            "time": 109.087,
            "move": 1
        },
        {
            "time": 109.529,
            "move": 0
        },
        {
            "time": 109.97,
            "move": 2
        },
        {
            "time": 110.434,
            "move": 3
        },
        {
            "time": 110.875,
            "move": 1
        },
        {
            "time": 111.316,
            "move": 0
        },
        {
            "time": 111.781,
            "move": 1
        },
        {
            "time": 112.245,
            "move": 0
        },
        {
            "time": 112.71,
            "move": 3
        },
        {
            "time": 113.151,
            "move": 0
        },
        {
            "time": 113.615,
            "move": 3
        },
        {
            "time": 114.056,
            "move": 3
        },
        {
            "time": 114.474,
            "move": 2
        },
        {
            "time": 114.916,
            "move": 0
        },
        {
            "time": 115.334,
            "move": 0
        },
        {
            "time": 115.775,
            "move": 0
        },
        {
            "time": 116.216,
            "move": 1
        },
        {
            "time": 116.703,
            "move": 2
        },
        {
            "time": 117.168,
            "move": 0
        },
        {
            "time": 117.632,
            "move": 0
        },
        {
            "time": 118.097,
            "move": 3
        },
        {
            "time": 118.538,
            "move": 0
        },
        {
            "time": 118.979,
            "move": 0
        },
        {
            "time": 119.443,
            "move": 0
        },
        {
            "time": 119.885,
            "move": 1
        },
        {
            "time": 120.349,
            "move": 2
        },
        {
            "time": 120.79,
            "move": 0
        },
        {
            "time": 121.255,
            "move": 0
        },
        {
            "time": 121.696,
            "move": 0
        },
        {
            "time": 122.137,
            "move": 2
        },
        {
            "time": 122.601,
            "move": 1
        },
        {
            "time": 123.066,
            "move": 2
        },
        {
            "time": 123.507,
            "move": 1
        },
        {
            "time": 123.971,
            "move": 3
        },
        {
            "time": 124.436,
            "move": 2
        },
        {
            "time": 124.877,
            "move": 2
        },
        {
            "time": 125.318,
            "move": 3
        },
        {
            "time": 125.759,
            "move": 3
        },
        {
            "time": 126.224,
            "move": 3
        },
        {
            "time": 126.665,
            "move": 2
        },
        {
            "time": 127.106,
            "move": 0
        },
        {
            "time": 127.57,
            "move": 2
        },
        {
            "time": 128.012,
            "move": 1
        },
        {
            "time": 128.476,
            "move": 0
        },
        {
            "time": 128.917,
            "move": 0
        },
        {
            "time": 129.382,
            "move": 2
        },
        {
            "time": 129.823,
            "move": 2
        },
        {
            "time": 130.264,
            "move": 3
        },
        {
            "time": 130.705,
            "move": 2
        },
        {
            "time": 131.17,
            "move": 1
        },
        {
            "time": 131.611,
            "move": 3
        },
        {
            "time": 132.052,
            "move": 2
        },
        {
            "time": 132.516,
            "move": 3
        },
        {
            "time": 132.957,
            "move": 0
        },
        {
            "time": 133.399,
            "move": 2
        },
        {
            "time": 133.863,
            "move": 0
        },
        {
            "time": 134.304,
            "move": 3
        },
        {
            "time": 134.745,
            "move": 1
        },
        {
            "time": 135.187,
            "move": 1
        },
        {
            "time": 135.651,
            "move": 1
        },
        {
            "time": 136.092,
            "move": 2
        },
        {
            "time": 136.533,
            "move": 0
        },
        {
            "time": 136.998,
            "move": 3
        },
        {
            "time": 137.439,
            "move": 0
        },
        {
            "time": 137.903,
            "move": 1
        },
        {
            "time": 138.344,
            "move": 2
        },
        {
            "time": 138.786,
            "move": 1
        },
        {
            "time": 139.227,
            "move": 3
        },
        {
            "time": 139.668,
            "move": 2
        },
        {
            "time": 140.132,
            "move": 0
        },
        {
            "time": 140.574,
            "move": 0
        },
        {
            "time": 141.038,
            "move": 1
        },
        {
            "time": 141.479,
            "move": 0
        },
        {
            "time": 141.92,
            "move": 0
        },
        {
            "time": 142.362,
            "move": 1
        },
        {
            "time": 142.826,
            "move": 3
        },
        {
            "time": 143.267,
            "move": 0
        },
        {
            "time": 143.732,
            "move": 1
        },
        {
            "time": 144.173,
            "move": 3
        },
        {
            "time": 144.614,
            "move": 2
        },
        {
            "time": 145.055,
            "move": 2
        },
        {
            "time": 145.519,
            "move": 0
        },
        {
            "time": 145.961,
            "move": 1
        },
        {
            "time": 146.402,
            "move": 0
        },
        {
            "time": 146.866,
            "move": 1
        },
        {
            "time": 147.307,
            "move": 0
        },
        {
            "time": 147.749,
            "move": 1
        },
        {
            "time": 148.213,
            "move": 0
        },
        {
            "time": 148.654,
            "move": 3
        },
        {
            "time": 149.095,
            "move": 2
        },
        {
            "time": 149.56,
            "move": 2
        },
        {
            "time": 150.001,
            "move": 1
        },
        {
            "time": 150.442,
            "move": 3
        },
        {
            "time": 150.883,
            "move": 1
        },
        {
            "time": 151.324,
            "move": 3
        },
        {
            "time": 151.766,
            "move": 3
        },
        {
            "time": 152.207,
            "move": 3
        },
        {
            "time": 152.671,
            "move": 0
        },
        {
            "time": 153.136,
            "move": 0
        },
        {
            "time": 153.577,
            "move": 2
        },
        {
            "time": 154.018,
            "move": 1
        },
        {
            "time": 154.459,
            "move": 3
        },
        {
            "time": 154.9,
            "move": 0
        },
        {
            "time": 155.365,
            "move": 3
        },
        {
            "time": 155.806,
            "move": 0
        },
        {
            "time": 156.247,
            "move": 3
        },
        {
            "time": 156.711,
            "move": 2
        },
        {
            "time": 157.153,
            "move": 3
        },
        {
            "time": 157.594,
            "move": 0
        },
        {
            "time": 158.035,
            "move": 0
        },
        {
            "time": 158.476,
            "move": 1
        },
        {
            "time": 158.941,
            "move": 1
        },
        {
            "time": 159.382,
            "move": 0
        },
        {
            "time": 159.823,
            "move": 0
        },
        {
            "time": 160.287,
            "move": 0
        },
        {
            "time": 160.729,
            "move": 2
        },
        {
            "time": 161.17,
            "move": 1
        },
        {
            "time": 161.611,
            "move": 2
        },
        {
            "time": 162.075,
            "move": 2
        },
        {
            "time": 162.516,
            "move": 1
        },
        {
            "time": 162.958,
            "move": 1
        },
        {
            "time": 163.422,
            "move": 0
        },
        {
            "time": 163.863,
            "move": 1
        },
        {
            "time": 164.304,
            "move": 0
        },
        {
            "time": 164.746,
            "move": 2
        },
        {
            "time": 165.21,
            "move": 2
        },
        {
            "time": 165.651,
            "move": 2
        },
        {
            "time": 166.092,
            "move": 1
        },
        {
            "time": 166.534,
            "move": 0
        },
        {
            "time": 166.975,
            "move": 0
        },
        {
            "time": 167.439,
            "move": 2
        },
        {
            "time": 167.88,
            "move": 2
        },
        {
            "time": 168.321,
            "move": 1
        },
        {
            "time": 168.786,
            "move": 3
        },
        {
            "time": 169.227,
            "move": 0
        },
        {
            "time": 169.668,
            "move": 1
        },
        {
            "time": 170.086,
            "move": 3
        },
        {
            "time": 170.504,
            "move": 1
        },
        {
            "time": 170.922,
            "move": 2
        },
        {
            "time": 171.41,
            "move": 1
        },
        {
            "time": 171.897,
            "move": 0
        },
        {
            "time": 172.385,
            "move": 2
        },
        {
            "time": 172.803,
            "move": 1
        },
        {
            "time": 173.244,
            "move": 2
        },
        {
            "time": 173.685,
            "move": 1
        },
        {
            "time": 174.126,
            "move": 1
        },
        {
            "time": 174.568,
            "move": 0
        },
        {
            "time": 175.032,
            "move": 2
        },
        {
            "time": 175.473,
            "move": 1
        },
        {
            "time": 175.914,
            "move": 2
        },
        {
            "time": 176.356,
            "move": 0
        },
        {
            "time": 176.797,
            "move": 2
        },
        {
            "time": 177.238,
            "move": 1
        },
        {
            "time": 177.679,
            "move": 2
        },
        {
            "time": 178.167,
            "move": 2
        },
        {
            "time": 178.608,
            "move": 2
        },
        {
            "time": 179.049,
            "move": 2
        },
        {
            "time": 179.49,
            "move": 2
        },
        {
            "time": 179.955,
            "move": 2
        },
        {
            "time": 180.419,
            "move": 3
        },
        {
            "time": 180.86,
            "move": 1
        },
        {
            "time": 181.301,
            "move": 0
        },
        {
            "time": 181.766,
            "move": 0
        },
        {
            "time": 182.23,
            "move": 3
        },
        {
            "time": 182.671,
            "move": 2
        },
        {
            "time": 183.113,
            "move": 2
        },
        {
            "time": 183.577,
            "move": 2
        },
        {
            "time": 184.018,
            "move": 0
        },
        {
            "time": 184.459,
            "move": 3
        },
        {
            "time": 184.924,
            "move": 1
        },
        {
            "time": 185.365,
            "move": 2
        },
        {
            "time": 185.806,
            "move": 0
        },
        {
            "time": 186.247,
            "move": 0
        },
        {
            "time": 186.688,
            "move": 1
        },
        {
            "time": 187.153,
            "move": 2
        },
        {
            "time": 187.594,
            "move": 3
        },
        {
            "time": 188.035,
            "move": 2
        },
        {
            "time": 188.5,
            "move": 1
        },
        {
            "time": 188.941,
            "move": 2
        },
        {
            "time": 189.382,
            "move": 2
        },
        {
            "time": 189.846,
            "move": 0
        },
        {
            "time": 190.288,
            "move": 2
        },
        {
            "time": 190.729,
            "move": 3
        },
        {
            "time": 191.17,
            "move": 1
        },
        {
            "time": 191.611,
            "move": 1
        },
        {
            "time": 192.075,
            "move": 0
        },
        {
            "time": 192.517,
            "move": 2
        },
        {
            "time": 192.958,
            "move": 2
        },
        {
            "time": 193.422,
            "move": 1
        },
        {
            "time": 193.863,
            "move": 2
        },
        {
            "time": 194.305,
            "move": 3
        },
        {
            "time": 194.746,
            "move": 2
        },
        {
            "time": 195.187,
            "move": 3
        },
        {
            "time": 195.605,
            "move": 1
        },
        {
            "time": 196.093,
            "move": 1
        },
        {
            "time": 196.534,
            "move": 0
        },
        {
            "time": 196.975,
            "move": 3
        },
        {
            "time": 197.439,
            "move": 0
        },
        {
            "time": 197.88,
            "move": 1
        },
        {
            "time": 198.322,
            "move": 1
        },
        {
            "time": 198.763,
            "move": 1
        },
        {
            "time": 199.181,
            "move": 3
        },
        {
            "time": 199.668,
            "move": 1
        },
        {
            "time": 200.11,
            "move": 0
        },
        {
            "time": 200.574,
            "move": 2
        },
        {
            "time": 201.015,
            "move": 2
        },
        {
            "time": 201.456,
            "move": 3
        },
        {
            "time": 201.898,
            "move": 0
        },
        {
            "time": 202.362,
            "move": 0
        },
        {
            "time": 202.803,
            "move": 0
        },
        {
            "time": 203.244,
            "move": 2
        },
        {
            "time": 203.709,
            "move": 0
        },
        {
            "time": 204.15,
            "move": 2
        },
        {
            "time": 204.591,
            "move": 3
        },
        {
            "time": 205.055,
            "move": 0
        },
        {
            "time": 205.497,
            "move": 1
        },
        {
            "time": 205.938,
            "move": 2
        },
        {
            "time": 206.379,
            "move": 1
        },
        {
            "time": 206.797,
            "move": 0
        },
        {
            "time": 207.215,
            "move": 0
        },
        {
            "time": 207.656,
            "move": 1
        },
        {
            "time": 208.097,
            "move": 0
        },
        {
            "time": 208.585,
            "move": 2
        },
        {
            "time": 209.049,
            "move": 1
        },
        {
            "time": 209.514,
            "move": 2
        },
        {
            "time": 209.978,
            "move": 0
        },
        {
            "time": 210.442,
            "move": 1
        },
        {
            "time": 210.907,
            "move": 0
        },
        {
            "time": 211.371,
            "move": 2
        },
        {
            "time": 211.859,
            "move": 1
        },
        {
            "time": 212.323,
            "move": 0
        },
        {
            "time": 212.788,
            "move": 0
        },
        {
            "time": 213.252,
            "move": 2
        },
        {
            "time": 213.693,
            "move": 1
        },
        {
            "time": 214.111,
            "move": 1
        },
        {
            "time": 214.529,
            "move": 2
        },
        {
            "time": 214.947,
            "move": 3
        },
        {
            "time": 215.365,
            "move": 1
        },
        {
            "time": 215.783,
            "move": 2
        },
        {
            "time": 216.224,
            "move": 2
        },
        {
            "time": 216.665,
            "move": 2
        },
        {
            "time": 217.107,
            "move": 1
        },
        {
            "time": 217.548,
            "move": 2
        },
        {
            "time": 217.966,
            "move": 0
        },
        {
            "time": 218.384,
            "move": 0
        }
    ]
}