{
    "Title": "Semi-Charmed Life",
    "Artist": "Third Eye Blind",
    "BPM": 101,
    "songLength": 265.9526672363281,
    "numNotes": 449,
    "sections": {
        "0": {
            "start": 0.0
        },
        "1": {
            "start": 44.32544453938802
        },
        "2": {
            "start": 88.65088907877605
        },
        "3": {
            "start": 132.97633361816406
        },
        "4": {
            "start": 177.3017781575521
        },
        "5": {
            "start": 221.62722269694012
        }
    },
    "notes": [
        {
            "time": 0.093,
            "move": 3
        },
        {
            "time": 0.697,
            "move": 3
        },
        {
            "time": 1.254,
            "move": 3
        },
        {
            "time": 1.834,
            "move": 3
        },
        {
            "time": 2.415,
            "move": 1
        },
        {
            "time": 3.019,
            "move": 1
        },
        {
            "time": 3.599,
            "move": 1
        },
        {
            "time": 4.18,
            "move": 0
        },
        {
            "time": 4.783,
            "move": 2
        },
        {
            "time": 5.364,
            "move": 1
        },
        {
            "time": 5.944,
            "move": 2
        },
        {
            "time": 6.548,
            "move": 1
        },
        {
            "time": 7.129,
            "move": 1
        },
        {
            "time": 7.709,
            "move": 3
        },
        {
            "time": 8.313,
            "move": 2
        },
        {
            "time": 8.893,
            "move": 1
        },
        {
            "time": 9.497,
            "move": 1
        },
        {
            "time": 10.077,
            "move": 3
        },
        {
            "time": 10.658,
            "move": 0
        },
        {
            "time": 11.238,
            "move": 1
        },
        {
            "time": 11.842,
            "move": 2
        },
        {
            "time": 12.423,
            "move": 0
        },
        {
            "time": 13.003,
            "move": 2
        },
        {
            "time": 13.607,
            "move": 2
        },
        {
            "time": 14.187,
            "move": 3
        },
        {
            "time": 14.768,
            "move": 2
        },
        {
            "time": 15.372,
            "move": 3
        },
        {
            "time": 15.952,
            "move": 0
        },
        {
            "time": 16.533,
            "move": 0
        },
        {
            "time": 17.136,
            "move": 2
        },
        {
            "time": 17.717,
            "move": 0
        },
        {
            "time": 18.297,
            "move": 3
        },
        {
            "time": 18.901,
            "move": 2
        },
        {
            "time": 19.458,
            "move": 1
        },
        {
            "time": 20.016,
            "move": 3
        },
        {
            "time": 20.666,
            "move": 3
        },
        {
            "time": 21.246,
            "move": 1
        },
        {
            "time": 21.827,
            "move": 1
        },
        {
            "time": 22.43,
            "move": 2
        },
        {
            "time": 23.011,
            "move": 1
        },
        {
            "time": 23.615,
            "move": 3
        },
        {
            "time": 24.195,
            "move": 1
        },
        {
            "time": 24.776,
            "move": 3
        },
        {
            "time": 25.356,
            "move": 3
        },
        {
            "time": 25.96,
            "move": 3
        },
        {
            "time": 26.517,
            "move": 2
        },
        {
            "time": 27.121,
            "move": 2
        },
        {
            "time": 27.725,
            "move": 1
        },
        {
            "time": 28.305,
            "move": 3
        },
        {
            "time": 28.886,
            "move": 1
        },
        {
            "time": 29.489,
            "move": 3
        },
        {
            "time": 30.047,
            "move": 0
        },
        {
            "time": 30.674,
            "move": 3
        },
        {
            "time": 31.231,
            "move": 1
        },
        {
            "time": 31.835,
            "move": 1
        },
        {
            "time": 32.415,
            "move": 0
        },
        {
            "time": 33.019,
            "move": 0
        },
        {
            "time": 33.553,
            "move": 1
        },
        {
            "time": 34.18,
            "move": 2
        },
        {
            "time": 34.76,
            "move": 0
        },
        {
            "time": 35.364,
            "move": 1
        },
        {
            "time": 35.944,
            "move": 0
        },
        {
            "time": 36.525,
            "move": 1
        },
        {
            "time": 37.129,
            "move": 3
        },
        {
            "time": 37.709,
            "move": 0
        },
        {
            "time": 38.29,
            "move": 2
        },
        {
            "time": 38.893,
            "move": 0
        },
        {
            "time": 39.474,
            "move": 1
        },
        {
            "time": 40.078,
            "move": 3
        },
        {
            "time": 40.635,
            "move": 3
        },
        {
            "time": 41.239,
            "move": 2
        },
        {
            "time": 41.819,
            "move": 2
        },
        {
            "time": 42.423,
            "move": 0
        },
        {
            "time": 43.003,
            "move": 2
        },
        {
            "time": 43.584,
            "move": 0
        },
        {
            "time": 44.188,
            "move": 1
        },
        {
            "time": 44.768,
            "move": 0
        },
        {
            "time": 45.349,
            "move": 1
        },
        {
            "time": 45.952,
            "move": 3
        },
        {
            "time": 46.533,
            "move": 2
        },
        {
            "time": 47.113,
            "move": 0
        },
        {
            "time": 47.717,
            "move": 1
        },
        {
            "time": 48.298,
            "move": 3
        },
        {
            "time": 48.878,
            "move": 2
        },
        {
            "time": 49.459,
            "move": 3
        },
        {
            "time": 50.062,
            "move": 2
        },
        {
            "time": 50.643,
            "move": 0
        },
        {
            "time": 51.223,
            "move": 2
        },
        {
            "time": 51.827,
            "move": 0
        },
        {
            "time": 52.407,
            "move": 1
        },
        {
            "time": 53.011,
            "move": 1
        },
        {
            "time": 53.592,
            "move": 0
        },
        {
            "time": 54.172,
            "move": 1
        },
        {
            "time": 54.753,
            "move": 1
        },
        {
            "time": 55.356,
            "move": 2
        },
        {
            "time": 55.937,
            "move": 0
        },
        {
            "time": 56.541,
            "move": 0
        },
        {
            "time": 57.121,
            "move": 0
        },
        {
            "time": 57.702,
            "move": 0
        },
        {
            "time": 58.305,
            "move": 1
        },
        {
            "time": 58.886,
            "move": 3
        },
        {
            "time": 59.466,
            "move": 1
        },
        {
            "time": 60.07,
            "move": 1
        },
        {
            "time": 60.627,
            "move": 2
        },
        {
            "time": 61.231,
            "move": 1
        },
        {
            "time": 61.812,
            "move": 1
        },
        {
            "time": 62.415,
            "move": 0
        },
        {
            "time": 62.996,
            "move": 3
        },
        {
            "time": 63.576,
            "move": 0
        },
        {
            "time": 64.157,
            "move": 3
        },
        {
            "time": 64.737,
            "move": 1
        },
        {
            "time": 65.341,
            "move": 1
        },
        {
            "time": 65.945,
            "move": 1
        },
        {
            "time": 66.525,
            "move": 3
        },
        {
            "time": 67.129,
            "move": 2
        },
        {
            "time": 67.709,
            "move": 0
        },
        {
            "time": 68.29,
            "move": 3
        },
        {
            "time": 68.87,
            "move": 0
        },
        {
            "time": 69.474,
            "move": 1
        },
        {
            "time": 70.055,
            "move": 1
        },
        {
            "time": 70.658,
            "move": 0
        },
        {
            "time": 71.239,
            "move": 3
        },
        {
            "time": 71.819,
            "move": 1
        },
        {
            "time": 72.4,
            "move": 3
        },
        {
            "time": 72.98,
            "move": 3
        },
        {
            "time": 73.584,
            "move": 2
        },
        {
            "time": 74.165,
            "move": 3
        },
        {
            "time": 74.745,
            "move": 1
        },
        {
            "time": 75.326,
            "move": 1
        },
        {
            "time": 75.929,
            "move": 3
        },
        {
            "time": 76.51,
            "move": 0
        },
        {
            "time": 77.113,
            "move": 1
        },
        {
            "time": 77.694,
            "move": 2
        },
        {
            "time": 78.298,
            "move": 1
        },
        {
            "time": 78.878,
            "move": 2
        },
        {
            "time": 79.459,
            "move": 1
        },
        {
            "time": 80.062,
            "move": 1
        },
        {
            "time": 80.643,
            "move": 2
        },
        {
            "time": 81.223,
            "move": 2
        },
        {
            "time": 81.827,
            "move": 2
        },
        {
            "time": 82.408,
            "move": 0
        },
        {
            "time": 82.988,
            "move": 1
        },
        {
            "time": 83.569,
            "move": 1
        },
        {
            "time": 84.172,
            "move": 0
        },
        {
            "time": 84.776,
            "move": 3
        },
        {
            "time": 85.333,
            "move": 1
        },
        {
            "time": 85.937,
            "move": 0
        },
        {
            "time": 86.518,
            "move": 2
        },
        {
            "time": 87.098,
            "move": 2
        },
        {
            "time": 87.702,
            "move": 2
        },
        {
            "time": 88.282,
            "move": 0
        },
        {
            "time": 88.863,
            "move": 3
        },
        {
            "time": 89.466,
            "move": 3
        },
        {
            "time": 90.047,
            "move": 0
        },
        {
            "time": 90.627,
            "move": 1
        },
        {
            "time": 91.208,
            "move": 3
        },
        {
            "time": 91.812,
            "move": 3
        },
        {
            "time": 92.392,
            "move": 2
        },
        {
            "time": 92.996,
            "move": 2
        },
        {
            "time": 93.576,
            "move": 3
        },
        {
            "time": 94.157,
            "move": 3
        },
        {
            "time": 94.761,
            "move": 2
        },
        {
            "time": 95.341,
            "move": 0
        },
        {
            "time": 95.898,
            "move": 2
        },
        {
            "time": 96.502,
            "move": 0
        },
        {
            "time": 97.106,
            "move": 0
        },
        {
            "time": 97.686,
            "move": 1
        },
        {
            "time": 98.29,
            "move": 1
        },
        {
            "time": 98.894,
            "move": 0
        },
        {
            "time": 99.474,
            "move": 2
        },
        {
            "time": 100.055,
            "move": 3
        },
        {
            "time": 100.635,
            "move": 3
        },
        {
            "time": 101.239,
            "move": 1
        },
        {
            "time": 101.82,
            "move": 2
        },
        {
            "time": 102.4,
            "move": 1
        },
        {
            "time": 103.004,
            "move": 2
        },
        {
            "time": 103.561,
            "move": 2
        },
        {
            "time": 104.141,
            "move": 1
        },
        {
            "time": 104.745,
            "move": 2
        },
        {
            "time": 105.326,
            "move": 3
        },
        {
            "time": 105.929,
            "move": 2
        },
        {
            "time": 106.51,
            "move": 3
        },
        {
            "time": 107.09,
            "move": 1
        },
        {
            "time": 107.671,
            "move": 0
        },
        {
            "time": 108.275,
            "move": 0
        },
        {
            "time": 108.855,
            "move": 2
        },
        {
            "time": 109.459,
            "move": 3
        },
        {
            "time": 110.039,
            "move": 3
        },
        {
            "time": 110.62,
            "move": 0
        },
        {
            "time": 111.2,
            "move": 3
        },
        {
            "time": 111.804,
            "move": 3
        },
        {
            "time": 112.385,
            "move": 0
        },
        {
            "time": 112.988,
            "move": 2
        },
        {
            "time": 113.569,
            "move": 0
        },
        {
            "time": 114.149,
            "move": 1
        },
        {
            "time": 114.753,
            "move": 3
        },
        {
            "time": 115.334,
            "move": 2
        },
        {
            "time": 115.914,
            "move": 3
        },
        {
            "time": 116.518,
            "move": 1
        },
        {
            "time": 117.098,
            "move": 2
        },
        {
            "time": 117.679,
            "move": 2
        },
        {
            "time": 118.259,
            "move": 2
        },
        {
            "time": 118.863,
            "move": 1
        },
        {
            "time": 119.443,
            "move": 2
        },
        {
            "time": 120.024,
            "move": 0
        },
        {
            "time": 120.581,
            "move": 1
        },
        {
            "time": 121.185,
            "move": 0
        },
        {
            "time": 121.812,
            "move": 1
        },
        {
            "time": 122.392,
            "move": 3
        },
        {
            "time": 122.996,
            "move": 1
        },
        {
            "time": 123.577,
            "move": 1
        },
        {
            "time": 124.157,
            "move": 2
        },
        {
            "time": 124.761,
            "move": 0
        },
        {
            "time": 125.341,
            "move": 0
        },
        {
            "time": 125.945,
            "move": 3
        },
        {
            "time": 126.526,
            "move": 3
        },
        {
            "time": 127.106,
            "move": 2
        },
        {
            "time": 127.687,
            "move": 0
        },
        {
            "time": 128.29,
            "move": 2
        },
        {
            "time": 128.871,
            "move": 0
        },
        {
            "time": 129.474,
            "move": 0
        },
        {
            "time": 130.032,
            "move": 1
        },
        {
            "time": 130.635,
            "move": 1
        },
        {
            "time": 131.216,
            "move": 2
        },
        {
            "time": 131.796,
            "move": 3
        },
        {
            "time": 132.377,
            "move": 2
        },
        {
            "time": 132.981,
            "move": 3
        },
        {
            "time": 133.561,
            "move": 1
        },
        {
            "time": 134.142,
            "move": 0
        },
        {
            "time": 134.722,
            "move": 1
        },
        {
            "time": 135.326,
            "move": 0
        },
        {
            "time": 135.906,
            "move": 3
        },
        {
            "time": 136.51,
            "move": 2
        },
        {
            "time": 137.091,
            "move": 2
        },
        {
            "time": 137.671,
            "move": 2
        },
        {
            "time": 138.275,
            "move": 3
        },
        {
            "time": 138.855,
            "move": 0
        },
        {
            "time": 139.436,
            "move": 0
        },
        {
            "time": 140.016,
            "move": 0
        },
        {
            "time": 140.62,
            "move": 1
        },
        {
            "time": 141.201,
            "move": 1
        },
        {
            "time": 141.781,
            "move": 1
        },
        {
            "time": 142.362,
            "move": 1
        },
        {
            "time": 142.965,
            "move": 2
        },
        {
            "time": 143.523,
            "move": 2
        },
        {
            "time": 144.103,
            "move": 1
        },
        {
            "time": 144.73,
            "move": 3
        },
        {
            "time": 145.31,
            "move": 1
        },
        {
            "time": 145.914,
            "move": 2
        },
        {
            "time": 146.495,
            "move": 1
        },
        {
            "time": 147.075,
            "move": 0
        },
        {
            "time": 147.656,
            "move": 1
        },
        {
            "time": 148.259,
            "move": 0
        },
        {
            "time": 148.863,
            "move": 0
        },
        {
            "time": 149.444,
            "move": 2
        },
        {
            "time": 150.024,
            "move": 1
        },
        {
            "time": 150.628,
            "move": 2
        },
        {
            "time": 151.208,
            "move": 0
        },
        {
            "time": 151.789,
            "move": 0
        },
        {
            "time": 152.369,
            "move": 0
        },
        {
            "time": 152.973,
            "move": 1
        },
        {
            "time": 153.554,
            "move": 3
        },
        {
            "time": 154.134,
            "move": 0
        },
        {
            "time": 154.738,
            "move": 2
        },
        {
            "time": 155.318,
            "move": 1
        },
        {
            "time": 155.899,
            "move": 2
        },
        {
            "time": 156.502,
            "move": 3
        },
        {
            "time": 157.083,
            "move": 1
        },
        {
            "time": 157.663,
            "move": 1
        },
        {
            "time": 158.267,
            "move": 3
        },
        {
            "time": 158.824,
            "move": 1
        },
        {
            "time": 159.428,
            "move": 2
        },
        {
            "time": 160.032,
            "move": 1
        },
        {
            "time": 160.612,
            "move": 2
        },
        {
            "time": 161.193,
            "move": 1
        },
        {
            "time": 161.797,
            "move": 1
        },
        {
            "time": 162.377,
            "move": 3
        },
        {
            "time": 162.958,
            "move": 1
        },
        {
            "time": 163.538,
            "move": 1
        },
        {
            "time": 164.142,
            "move": 0
        },
        {
            "time": 164.746,
            "move": 3
        },
        {
            "time": 165.303,
            "move": 2
        },
        {
            "time": 165.883,
            "move": 2
        },
        {
            "time": 166.487,
            "move": 1
        },
        {
            "time": 167.114,
            "move": 2
        },
        {
            "time": 167.671,
            "move": 2
        },
        {
            "time": 168.252,
            "move": 3
        },
        {
            "time": 168.856,
            "move": 3
        },
        {
            "time": 169.459,
            "move": 0
        },
        {
            "time": 170.04,
            "move": 3
        },
        {
            "time": 170.597,
            "move": 0
        },
        {
            "time": 171.178,
            "move": 1
        },
        {
            "time": 171.758,
            "move": 3
        },
        {
            "time": 172.362,
            "move": 3
        },
        {
            "time": 172.965,
            "move": 1
        },
        {
            "time": 173.546,
            "move": 1
        },
        {
            "time": 174.103,
            "move": 3
        },
        {
            "time": 174.707,
            "move": 2
        },
        {
            "time": 175.311,
            "move": 0
        },
        {
            "time": 175.891,
            "move": 3
        },
        {
            "time": 176.495,
            "move": 3
        },
        {
            "time": 177.075,
            "move": 3
        },
        {
            "time": 177.679,
            "move": 0
        },
        {
            "time": 178.26,
            "move": 1
        },
        {
            "time": 178.863,
            "move": 2
        },
        {
            "time": 179.421,
            "move": 1
        },
        {
            "time": 180.024,
            "move": 0
        },
        {
            "time": 180.605,
            "move": 0
        },
        {
            "time": 181.185,
            "move": 0
        },
        {
            "time": 181.766,
            "move": 3
        },
        {
            "time": 182.346,
            "move": 1
        },
        {
            "time": 182.927,
            "move": 2
        },
        {
            "time": 183.531,
            "move": 1
        },
        {
            "time": 184.134,
            "move": 3
        },
        {
            "time": 184.715,
            "move": 2
        },
        {
            "time": 185.295,
            "move": 3
        },
        {
            "time": 185.899,
            "move": 3
        },
        {
            "time": 186.479,
            "move": 3
        },
        {
            "time": 187.083,
            "move": 2
        },
        {
            "time": 187.664,
            "move": 0
        },
        {
            "time": 188.244,
            "move": 2
        },
        {
            "time": 188.825,
            "move": 0
        },
        {
            "time": 189.428,
            "move": 2
        },
        {
            "time": 190.032,
            "move": 0
        },
        {
            "time": 190.613,
            "move": 1
        },
        {
            "time": 191.193,
            "move": 0
        },
        {
            "time": 191.797,
            "move": 2
        },
        {
            "time": 192.377,
            "move": 3
        },
        {
            "time": 192.958,
            "move": 2
        },
        {
            "time": 193.538,
            "move": 2
        },
        {
            "time": 194.142,
            "move": 1
        },
        {
            "time": 194.746,
            "move": 1
        },
        {
            "time": 195.326,
            "move": 2
        },
        {
            "time": 195.93,
            "move": 3
        },
        {
            "time": 196.487,
            "move": 0
        },
        {
            "time": 197.091,
            "move": 0
        },
        {
            "time": 197.671,
            "move": 2
        },
        {
            "time": 198.252,
            "move": 2
        },
        {
            "time": 198.832,
            "move": 3
        },
        {
            "time": 199.436,
            "move": 2
        },
        {
            "time": 200.017,
            "move": 0
        },
        {
            "time": 200.597,
            "move": 0
        },
        {
            "time": 201.178,
            "move": 2
        },
        {
            "time": 201.735,
            "move": 0
        },
        {
            "time": 202.362,
            "move": 1
        },
        {
            "time": 202.966,
            "move": 3
        },
        {
            "time": 203.546,
            "move": 2
        },
        {
            "time": 204.15,
            "move": 1
        },
        {
            "time": 204.73,
            "move": 3
        },
        {
            "time": 205.311,
            "move": 0
        },
        {
            "time": 205.915,
            "move": 3
        },
        {
            "time": 206.495,
            "move": 2
        },
        {
            "time": 207.076,
            "move": 0
        },
        {
            "time": 207.656,
            "move": 0
        },
        {
            "time": 208.237,
            "move": 3
        },
        {
            "time": 208.84,
            "move": 0
        },
        {
            "time": 209.421,
            "move": 1
        },
        {
            "time": 210.024,
            "move": 3
        },
        {
            "time": 210.605,
            "move": 2
        },
        {
            "time": 211.185,
            "move": 3
        },
        {
            "time": 211.789,
            "move": 0
        },
        {
            "time": 212.37,
            "move": 2
        },
        {
            "time": 212.95,
            "move": 1
        },
        {
            "time": 213.531,
            "move": 2
        },
        {
            "time": 214.134,
            "move": 2
        },
        {
            "time": 214.715,
            "move": 0
        },
        {
            "time": 215.295,
            "move": 0
        },
        {
            "time": 215.876,
            "move": 1
        },
        {
            "time": 216.48,
            "move": 3
        },
        {
            "time": 217.06,
            "move": 1
        },
        {
            "time": 217.664,
            "move": 0
        },
        {
            "time": 218.221,
            "move": 0
        },
        {
            "time": 218.825,
            "move": 3
        },
        {
            "time": 219.405,
            "move": 3
        },
        {
            "time": 220.009,
            "move": 1
        },
        {
            "time": 220.59,
            "move": 1
        },
        {
            "time": 221.193,
            "move": 1
        },
        {
            "time": 221.797,
            "move": 0
        },
        {
            "time": 222.378,
            "move": 0
        },
        {
            "time": 222.958,
            "move": 0
        },
        {
            "time": 223.539,
            "move": 3
        },
        {
            "time": 224.119,
            "move": 1
        },
        {
            "time": 224.7,
            "move": 2
        },
        {
            "time": 225.303,
            "move": 0
        },
        {
            "time": 225.907,
            "move": 3
        },
        {
            "time": 226.487,
            "move": 1
        },
        {
            "time": 227.068,
            "move": 1
        },
        {
            "time": 227.648,
            "move": 0
        },
        {
            "time": 228.252,
            "move": 1
        },
        {
            "time": 228.833,
            "move": 1
        },
        {
            "time": 229.413,
            "move": 3
        },
        {
            "time": 230.017,
            "move": 1
        },
        {
            "time": 230.597,
            "move": 1
        },
        {
            "time": 231.178,
            "move": 2
        },
        {
            "time": 231.782,
            "move": 1
        },
        {
            "time": 232.362,
            "move": 1
        },
        {
            "time": 232.943,
            "move": 3
        },
        {
            "time": 233.523,
            "move": 2
        },
        {
            "time": 234.104,
            "move": 2
        },
        {
            "time": 234.707,
            "move": 2
        },
        {
            "time": 235.311,
            "move": 1
        },
        {
            "time": 235.892,
            "move": 1
        },
        {
            "time": 236.472,
            "move": 2
        },
        {
            "time": 237.053,
            "move": 0
        },
        {
            "time": 237.633,
            "move": 1
        },
        {
            "time": 238.237,
            "move": 0
        },
        {
            "time": 238.84,
            "move": 1
        },
        {
            "time": 239.421,
            "move": 0
        },
        {
            "time": 240.025,
            "move": 2
        },
        {
            "time": 240.605,
            "move": 2
        },
        {
            "time": 241.186,
            "move": 0
        },
        {
            "time": 241.766,
            "move": 2
        },
        {
            "time": 242.347,
            "move": 2
        },
        {
            "time": 242.95,
            "move": 1
        },
        {
            "time": 243.531,
            "move": 1
        },
        {
            "time": 244.111,
            "move": 2
        },
        {
            "time": 244.692,
            "move": 3
        },
        {
            "time": 245.296,
            "move": 0
        },
        {
            "time": 245.876,
            "move": 1
        },
        {
            "time": 246.457,
            "move": 2
        },
        {
            "time": 247.037,
            "move": 3
        },
        {
            "time": 247.618,
            "move": 0
        },
        {
            "time": 248.221,
            "move": 3
        },
        {
            "time": 248.802,
            "move": 3
        },
        {
            "time": 249.382,
            "move": 0
        },
        {
            "time": 249.986,
            "move": 2
        },
        {
            "time": 250.59,
            "move": 1
        },
        {
            "time": 251.17,
            "move": 3
        },
        {
            "time": 251.751,
            "move": 1
        },
        {
            "time": 252.354,
            "move": 1
        },
        {
            "time": 252.935,
            "move": 0
        },
        {
            "time": 253.515,
            "move": 3
        },
        {
            "time": 254.119,
            "move": 3
        },
        {
            "time": 254.7,
            "move": 2
        },
        {
            "time": 255.28,
            "move": 0
        },
        {
            "time": 255.884,
            "move": 2
        },
        {
            "time": 256.464,
            "move": 1
        },
        {
            "time": 257.068,
            "move": 1
        },
        {
            "time": 257.649,
            "move": 2
        },
        {
            "time": 258.252,
            "move": 3
        },
        {
            "time": 258.833,
            "move": 3
        },
        {
            "time": 259.413,
            "move": 0
        },
        {
            "time": 260.017,
            "move": 1
        },
        {
            "time": 260.644,
            "move": 3
        },
        {
            "time": 261.248,
            "move": 0
        },
        {
            "time": 261.898,
            "move": 1
        },
        {
            "time": 262.478,
            "move": 2
        },
        {
            "time": 263.059,
            "move": 3
        },
        {
            "time": 263.663,
            "move": 3
        }
    ]
}