{
    "sections": {
        "0": {
            "start": 0
        },
        "1": {
            "start": 48.5
        },
        "2": {
            "start": 120.25
        },
        "3": {
            "start": 174.36
        }
    },
    "notes": [
        {
            "time": 0.07,
            "move": 3
        },
        {
            "time": 0.673,
            "move": 2
        },
        {
            "time": 1.231,
            "move": 1
        },
        {
            "time": 1.811,
            "move": 3
        },
        {
            "time": 2.392,
            "move": 1
        },
        {
            "time": 2.995,
            "move": 0
        },
        {
            "time": 3.576,
            "move": 3
        },
        {
            "time": 4.156,
            "move": 1
        },
        {
            "time": 4.76,
            "move": 2
        },
        {
            "time": 5.341,
            "move": 3
        },
        {
            "time": 5.944,
            "move": 2
        },
        {
            "time": 6.525,
            "move": 0
        },
        {
            "time": 7.105,
            "move": 3
        },
        {
            "time": 7.686,
            "move": 3
        },
        {
            "time": 8.29,
            "move": 1
        },
        {
            "time": 8.87,
            "move": 0
        },
        {
            "time": 9.474,
            "move": 2
        },
        {
            "time": 10.054,
            "move": 0
        },
        {
            "time": 10.635,
            "move": 0
        },
        {
            "time": 11.215,
            "move": 3
        },
        {
            "time": 11.819,
            "move": 1
        },
        {
            "time": 12.399,
            "move": 3
        },
        {
            "time": 12.98,
            "move": 0
        },
        {
            "time": 13.584,
            "move": 0
        },
        {
            "time": 14.164,
            "move": 2
        },
        {
            "time": 14.745,
            "move": 1
        },
        {
            "time": 15.348,
            "move": 3
        },
        {
            "time": 15.929,
            "move": 2
        },
        {
            "time": 16.509,
            "move": 1
        },
        {
            "time": 17.113,
            "move": 0
        },
        {
            "time": 17.694,
            "move": 1
        },
        {
            "time": 18.274,
            "move": 3
        },
        {
            "time": 18.878,
            "move": 3
        },
        {
            "time": 19.435,
            "move": 3
        },
        {
            "time": 19.992,
            "move": 0
        },
        {
            "time": 20.643,
            "move": 0
        },
        {
            "time": 21.223,
            "move": 0
        },
        {
            "time": 21.804,
            "move": 0
        },
        {
            "time": 22.407,
            "move": 2
        },
        {
            "time": 22.988,
            "move": 0
        },
        {
            "time": 23.591,
            "move": 1
        },
        {
            "time": 24.172,
            "move": 3
        },
        {
            "time": 24.752,
            "move": 3
        },
        {
            "time": 25.333,
            "move": 1
        },
        {
            "time": 25.937,
            "move": 3
        },
        {
            "time": 26.517,
            "move": 0
        },
        {
            "time": 27.098,
            "move": 3
        },
        {
            "time": 27.701,
            "move": 3
        },
        {
            "time": 28.282,
            "move": 1
        },
        {
            "time": 28.862,
            "move": 2
        },
        {
            "time": 29.466,
            "move": 3
        },
        {
            "time": 30.023,
            "move": 0
        },
        {
            "time": 30.65,
            "move": 2
        },
        {
            "time": 31.208,
            "move": 2
        },
        {
            "time": 31.811,
            "move": 0
        },
        {
            "time": 32.392,
            "move": 1
        },
        {
            "time": 32.996,
            "move": 3
        },
        {
            "time": 33.53,
            "move": 3
        },
        {
            "time": 34.157,
            "move": 3
        },
        {
            "time": 34.737,
            "move": 2
        },
        {
            "time": 35.341,
            "move": 3
        },
        {
            "time": 35.921,
            "move": 3
        },
        {
            "time": 36.502,
            "move": 3
        },
        {
            "time": 37.105,
            "move": 3
        },
        {
            "time": 37.686,
            "move": 3
        },
        {
            "time": 38.266,
            "move": 1
        },
        {
            "time": 38.87,
            "move": 0
        },
        {
            "time": 39.451,
            "move": 0
        },
        {
            "time": 40.054,
            "move": 3
        },
        {
            "time": 40.612,
            "move": 1
        },
        {
            "time": 41.215,
            "move": 3
        },
        {
            "time": 41.796,
            "move": 0
        },
        {
            "time": 42.4,
            "move": 1
        },
        {
            "time": 42.98,
            "move": 3
        },
        {
            "time": 43.561,
            "move": 0
        },
        {
            "time": 44.164,
            "move": 2
        },
        {
            "time": 44.745,
            "move": 0
        },
        {
            "time": 45.325,
            "move": 2
        },
        {
            "time": 45.929,
            "move": 3
        },
        {
            "time": 46.51,
            "move": 2
        },
        {
            "time": 47.09,
            "move": 1
        },
        {
            "time": 47.694,
            "move": 3
        },
        {
            "time": 48.274,
            "move": 3
        },
        {
            "time": 48.855,
            "move": 2
        },
        {
            "time": 49.435,
            "move": 1
        },
        {
            "time": 50.039,
            "move": 0
        },
        {
            "time": 50.62,
            "move": 1
        },
        {
            "time": 51.2,
            "move": 3
        },
        {
            "time": 51.804,
            "move": 3
        },
        {
            "time": 52.384,
            "move": 2
        },
        {
            "time": 52.988,
            "move": 2
        },
        {
            "time": 53.568,
            "move": 1
        },
        {
            "time": 54.149,
            "move": 3
        },
        {
            "time": 54.729,
            "move": 2
        },
        {
            "time": 55.333,
            "move": 0
        },
        {
            "time": 55.914,
            "move": 3
        },
        {
            "time": 56.517,
            "move": 1
        },
        {
            "time": 57.098,
            "move": 0
        },
        {
            "time": 57.678,
            "move": 2
        },
        {
            "time": 58.282,
            "move": 2
        },
        {
            "time": 58.863,
            "move": 1
        },
        {
            "time": 59.443,
            "move": 1
        },
        {
            "time": 60.047,
            "move": 0
        },
        {
            "time": 60.604,
            "move": 2
        },
        {
            "time": 61.208,
            "move": 0
        },
        {
            "time": 61.788,
            "move": 3
        },
        {
            "time": 62.392,
            "move": 0
        },
        {
            "time": 62.973,
            "move": 2
        },
        {
            "time": 63.553,
            "move": 3
        },
        {
            "time": 64.134,
            "move": 0
        },
        {
            "time": 64.714,
            "move": 2
        },
        {
            "time": 65.318,
            "move": 0
        },
        {
            "time": 65.921,
            "move": 1
        },
        {
            "time": 66.502,
            "move": 3
        },
        {
            "time": 67.106,
            "move": 2
        },
        {
            "time": 67.686,
            "move": 0
        },
        {
            "time": 68.267,
            "move": 2
        },
        {
            "time": 68.847,
            "move": 0
        },
        {
            "time": 69.451,
            "move": 0
        },
        {
            "time": 70.031,
            "move": 2
        },
        {
            "time": 70.635,
            "move": 2
        },
        {
            "time": 71.216,
            "move": 0
        },
        {
            "time": 71.796,
            "move": 1
        },
        {
            "time": 72.377,
            "move": 2
        },
        {
            "time": 72.957,
            "move": 0
        },
        {
            "time": 73.561,
            "move": 1
        },
        {
            "time": 74.141,
            "move": 3
        },
        {
            "time": 74.722,
            "move": 3
        },
        {
            "time": 75.302,
            "move": 2
        },
        {
            "time": 75.883,
            "move": 0
        },
        {
            "time": 76.487,
            "move": 2
        },
        {
            "time": 77.09,
            "move": 0
        },
        {
            "time": 77.671,
            "move": 2
        },
        {
            "time": 78.274,
            "move": 1
        },
        {
            "time": 78.855,
            "move": 0
        },
        {
            "time": 79.435,
            "move": 1
        },
        {
            "time": 80.039,
            "move": 2
        },
        {
            "time": 80.62,
            "move": 2
        },
        {
            "time": 81.2,
            "move": 0
        },
        {
            "time": 81.804,
            "move": 2
        },
        {
            "time": 82.384,
            "move": 3
        },
        {
            "time": 82.965,
            "move": 2
        },
        {
            "time": 83.545,
            "move": 2
        },
        {
            "time": 84.149,
            "move": 0
        },
        {
            "time": 84.753,
            "move": 3
        },
        {
            "time": 85.31,
            "move": 3
        },
        {
            "time": 85.914,
            "move": 2
        },
        {
            "time": 86.494,
            "move": 2
        },
        {
            "time": 87.075,
            "move": 2
        },
        {
            "time": 87.679,
            "move": 1
        },
        {
            "time": 88.259,
            "move": 0
        },
        {
            "time": 88.84,
            "move": 2
        },
        {
            "time": 89.443,
            "move": 2
        },
        {
            "time": 90.024,
            "move": 2
        },
        {
            "time": 90.604,
            "move": 0
        },
        {
            "time": 91.185,
            "move": 0
        },
        {
            "time": 91.788,
            "move": 0
        },
        {
            "time": 92.369,
            "move": 2
        },
        {
            "time": 92.973,
            "move": 1
        },
        {
            "time": 93.553,
            "move": 0
        },
        {
            "time": 94.134,
            "move": 0
        },
        {
            "time": 94.737,
            "move": 2
        },
        {
            "time": 95.318,
            "move": 3
        },
        {
            "time": 95.875,
            "move": 3
        },
        {
            "time": 96.479,
            "move": 3
        },
        {
            "time": 97.059,
            "move": 2
        },
        {
            "time": 97.663,
            "move": 2
        },
        {
            "time": 98.267,
            "move": 1
        },
        {
            "time": 98.871,
            "move": 1
        },
        {
            "time": 99.451,
            "move": 3
        },
        {
            "time": 100.032,
            "move": 0
        },
        {
            "time": 100.612,
            "move": 0
        },
        {
            "time": 101.216,
            "move": 0
        },
        {
            "time": 101.796,
            "move": 2
        },
        {
            "time": 102.377,
            "move": 3
        },
        {
            "time": 102.98,
            "move": 3
        },
        {
            "time": 103.538,
            "move": 3
        },
        {
            "time": 104.118,
            "move": 3
        },
        {
            "time": 104.722,
            "move": 0
        },
        {
            "time": 105.302,
            "move": 2
        },
        {
            "time": 105.906,
            "move": 2
        },
        {
            "time": 106.487,
            "move": 0
        },
        {
            "time": 107.067,
            "move": 0
        },
        {
            "time": 107.648,
            "move": 3
        },
        {
            "time": 108.251,
            "move": 2
        },
        {
            "time": 108.832,
            "move": 1
        },
        {
            "time": 109.436,
            "move": 1
        },
        {
            "time": 110.016,
            "move": 1
        },
        {
            "time": 110.597,
            "move": 2
        },
        {
            "time": 111.177,
            "move": 3
        },
        {
            "time": 111.781,
            "move": 2
        },
        {
            "time": 112.361,
            "move": 1
        },
        {
            "time": 112.942,
            "move": 0
        },
        {
            "time": 113.546,
            "move": 2
        },
        {
            "time": 114.126,
            "move": 3
        },
        {
            "time": 114.73,
            "move": 0
        },
        {
            "time": 115.31,
            "move": 0
        },
        {
            "time": 115.891,
            "move": 1
        },
        {
            "time": 116.495,
            "move": 0
        },
        {
            "time": 117.075,
            "move": 2
        },
        {
            "time": 117.656,
            "move": 3
        },
        {
            "time": 118.236,
            "move": 2
        },
        {
            "time": 118.84,
            "move": 1
        },
        {
            "time": 119.42,
            "move": 3
        },
        {
            "time": 120.001,
            "move": 0
        },
        {
            "time": 120.581,
            "move": 0
        },
        {
            "time": 121.162,
            "move": 1
        },
        {
            "time": 121.789,
            "move": 1
        },
        {
            "time": 122.369,
            "move": 0
        },
        {
            "time": 122.973,
            "move": 1
        },
        {
            "time": 123.553,
            "move": 0
        },
        {
            "time": 124.134,
            "move": 1
        },
        {
            "time": 124.738,
            "move": 3
        },
        {
            "time": 125.318,
            "move": 1
        },
        {
            "time": 125.922,
            "move": 0
        },
        {
            "time": 126.502,
            "move": 1
        },
        {
            "time": 127.083,
            "move": 0
        },
        {
            "time": 127.663,
            "move": 2
        },
        {
            "time": 128.267,
            "move": 2
        },
        {
            "time": 128.848,
            "move": 0
        },
        {
            "time": 129.451,
            "move": 1
        },
        {
            "time": 130.009,
            "move": 2
        },
        {
            "time": 130.612,
            "move": 1
        },
        {
            "time": 131.193,
            "move": 1
        },
        {
            "time": 131.773,
            "move": 3
        },
        {
            "time": 132.354,
            "move": 1
        },
        {
            "time": 132.957,
            "move": 1
        },
        {
            "time": 133.538,
            "move": 2
        },
        {
            "time": 134.118,
            "move": 1
        },
        {
            "time": 134.699,
            "move": 0
        },
        {
            "time": 135.303,
            "move": 0
        },
        {
            "time": 135.883,
            "move": 2
        },
        {
            "time": 136.487,
            "move": 1
        },
        {
            "time": 137.067,
            "move": 0
        },
        {
            "time": 137.648,
            "move": 2
        },
        {
            "time": 138.252,
            "move": 1
        },
        {
            "time": 138.832,
            "move": 3
        },
        {
            "time": 139.413,
            "move": 1
        },
        {
            "time": 139.993,
            "move": 0
        },
        {
            "time": 140.597,
            "move": 2
        },
        {
            "time": 141.177,
            "move": 2
        },
        {
            "time": 141.758,
            "move": 3
        },
        {
            "time": 142.338,
            "move": 3
        },
        {
            "time": 142.942,
            "move": 3
        },
        {
            "time": 143.499,
            "move": 2
        },
        {
            "time": 144.08,
            "move": 2
        },
        {
            "time": 144.707,
            "move": 1
        },
        {
            "time": 145.287,
            "move": 0
        },
        {
            "time": 145.891,
            "move": 2
        },
        {
            "time": 146.471,
            "move": 3
        },
        {
            "time": 147.052,
            "move": 3
        },
        {
            "time": 147.632,
            "move": 3
        },
        {
            "time": 148.236,
            "move": 3
        },
        {
            "time": 148.84,
            "move": 0
        },
        {
            "time": 149.42,
            "move": 3
        },
        {
            "time": 150.001,
            "move": 3
        },
        {
            "time": 150.581,
            "move": 1
        },
        {
            "time": 151.185,
            "move": 0
        },
        {
            "time": 151.766,
            "move": 0
        },
        {
            "time": 152.346,
            "move": 2
        },
        {
            "time": 152.95,
            "move": 2
        },
        {
            "time": 153.53,
            "move": 2
        },
        {
            "time": 154.111,
            "move": 0
        },
        {
            "time": 154.715,
            "move": 0
        },
        {
            "time": 155.295,
            "move": 2
        },
        {
            "time": 155.876,
            "move": 1
        },
        {
            "time": 156.479,
            "move": 0
        },
        {
            "time": 157.06,
            "move": 0
        },
        {
            "time": 157.64,
            "move": 2
        },
        {
            "time": 158.244,
            "move": 2
        },
        {
            "time": 158.801,
            "move": 2
        },
        {
            "time": 159.405,
            "move": 2
        },
        {
            "time": 160.009,
            "move": 2
        },
        {
            "time": 160.589,
            "move": 2
        },
        {
            "time": 161.17,
            "move": 1
        },
        {
            "time": 161.773,
            "move": 3
        },
        {
            "time": 162.377,
            "move": 1
        },
        {
            "time": 162.934,
            "move": 2
        },
        {
            "time": 163.515,
            "move": 3
        },
        {
            "time": 164.119,
            "move": 3
        },
        {
            "time": 164.722,
            "move": 2
        },
        {
            "time": 165.28,
            "move": 2
        },
        {
            "time": 165.86,
            "move": 3
        },
        {
            "time": 166.464,
            "move": 2
        },
        {
            "time": 167.091,
            "move": 2
        },
        {
            "time": 167.648,
            "move": 3
        },
        {
            "time": 168.229,
            "move": 2
        },
        {
            "time": 168.832,
            "move": 0
        },
        {
            "time": 169.436,
            "move": 1
        },
        {
            "time": 170.017,
            "move": 3
        },
        {
            "time": 170.574,
            "move": 3
        },
        {
            "time": 171.154,
            "move": 0
        },
        {
            "time": 171.735,
            "move": 1
        },
        {
            "time": 172.339,
            "move": 0
        },
        {
            "time": 172.919,
            "move": 2
        },
        {
            "time": 173.5,
            "move": 3
        },
        {
            "time": 174.08,
            "move": 1
        },
        {
            "time": 174.684,
            "move": 3
        },
        {
            "time": 175.287,
            "move": 0
        },
        {
            "time": 175.868,
            "move": 1
        },
        {
            "time": 176.472,
            "move": 0
        },
        {
            "time": 177.052,
            "move": 3
        },
        {
            "time": 177.656,
            "move": 1
        },
        {
            "time": 178.236,
            "move": 2
        },
        {
            "time": 178.817,
            "move": 3
        },
        {
            "time": 179.397,
            "move": 0
        },
        {
            "time": 180.001,
            "move": 2
        },
        {
            "time": 180.582,
            "move": 0
        },
        {
            "time": 181.162,
            "move": 3
        },
        {
            "time": 181.743,
            "move": 0
        },
        {
            "time": 182.323,
            "move": 2
        },
        {
            "time": 182.904,
            "move": 2
        },
        {
            "time": 183.507,
            "move": 1
        },
        {
            "time": 184.111,
            "move": 2
        },
        {
            "time": 184.692,
            "move": 1
        },
        {
            "time": 185.272,
            "move": 3
        },
        {
            "time": 185.876,
            "move": 2
        },
        {
            "time": 186.456,
            "move": 0
        },
        {
            "time": 187.06,
            "move": 1
        },
        {
            "time": 187.64,
            "move": 1
        },
        {
            "time": 188.221,
            "move": 1
        },
        {
            "time": 188.801,
            "move": 3
        },
        {
            "time": 189.405,
            "move": 3
        },
        {
            "time": 190.009,
            "move": 1
        },
        {
            "time": 190.589,
            "move": 2
        },
        {
            "time": 191.17,
            "move": 2
        },
        {
            "time": 191.774,
            "move": 3
        },
        {
            "time": 192.354,
            "move": 1
        },
        {
            "time": 192.935,
            "move": 1
        },
        {
            "time": 193.515,
            "move": 2
        },
        {
            "time": 194.096,
            "move": 2
        },
        {
            "time": 194.723,
            "move": 2
        },
        {
            "time": 195.303,
            "move": 2
        },
        {
            "time": 195.907,
            "move": 0
        },
        {
            "time": 196.464,
            "move": 3
        },
        {
            "time": 197.068,
            "move": 1
        },
        {
            "time": 197.648,
            "move": 0
        },
        {
            "time": 198.229,
            "move": 1
        },
        {
            "time": 198.809,
            "move": 0
        },
        {
            "time": 199.413,
            "move": 1
        },
        {
            "time": 199.993,
            "move": 1
        },
        {
            "time": 200.574,
            "move": 3
        },
        {
            "time": 201.154,
            "move": 0
        },
        {
            "time": 201.712,
            "move": 3
        },
        {
            "time": 202.339,
            "move": 0
        },
        {
            "time": 202.942,
            "move": 1
        },
        {
            "time": 203.523,
            "move": 3
        },
        {
            "time": 204.127,
            "move": 3
        },
        {
            "time": 204.707,
            "move": 0
        },
        {
            "time": 205.288,
            "move": 2
        },
        {
            "time": 205.868,
            "move": 2
        },
        {
            "time": 206.472,
            "move": 0
        },
        {
            "time": 207.052,
            "move": 2
        },
        {
            "time": 207.633,
            "move": 1
        },
        {
            "time": 208.213,
            "move": 1
        },
        {
            "time": 208.817,
            "move": 1
        },
        {
            "time": 209.398,
            "move": 0
        },
        {
            "time": 210.001,
            "move": 2
        },
        {
            "time": 210.582,
            "move": 2
        },
        {
            "time": 211.162,
            "move": 3
        },
        {
            "time": 211.766,
            "move": 2
        },
        {
            "time": 212.346,
            "move": 2
        },
        {
            "time": 212.927,
            "move": 2
        },
        {
            "time": 213.507,
            "move": 3
        },
        {
            "time": 214.111,
            "move": 0
        },
        {
            "time": 214.692,
            "move": 1
        },
        {
            "time": 215.272,
            "move": 0
        },
        {
            "time": 215.853,
            "move": 3
        },
        {
            "time": 216.456,
            "move": 0
        },
        {
            "time": 217.037,
            "move": 3
        },
        {
            "time": 217.641,
            "move": 3
        },
        {
            "time": 218.198,
            "move": 3
        },
        {
            "time": 218.802,
            "move": 2
        },
        {
            "time": 219.382,
            "move": 1
        },
        {
            "time": 219.986,
            "move": 1
        },
        {
            "time": 220.566,
            "move": 3
        },
        {
            "time": 221.17,
            "move": 0
        },
        {
            "time": 221.774,
            "move": 3
        },
        {
            "time": 222.354,
            "move": 0
        },
        {
            "time": 222.935,
            "move": 3
        },
        {
            "time": 223.515,
            "move": 0
        },
        {
            "time": 224.096,
            "move": 3
        },
        {
            "time": 224.676,
            "move": 2
        },
        {
            "time": 225.28,
            "move": 2
        },
        {
            "time": 225.884,
            "move": 0
        },
        {
            "time": 226.464,
            "move": 0
        },
        {
            "time": 227.045,
            "move": 3
        },
        {
            "time": 227.625,
            "move": 1
        },
        {
            "time": 228.229,
            "move": 3
        },
        {
            "time": 228.809,
            "move": 1
        },
        {
            "time": 229.39,
            "move": 3
        },
        {
            "time": 229.994,
            "move": 1
        },
        {
            "time": 230.574,
            "move": 2
        },
        {
            "time": 231.155,
            "move": 2
        },
        {
            "time": 231.758,
            "move": 0
        },
        {
            "time": 232.339,
            "move": 3
        },
        {
            "time": 232.919,
            "move": 2
        },
        {
            "time": 233.5,
            "move": 3
        },
        {
            "time": 234.08,
            "move": 1
        },
        {
            "time": 234.684,
            "move": 3
        },
        {
            "time": 235.288,
            "move": 3
        },
        {
            "time": 235.868,
            "move": 0
        },
        {
            "time": 236.449,
            "move": 3
        },
        {
            "time": 237.029,
            "move": 0
        },
        {
            "time": 237.61,
            "move": 2
        },
        {
            "time": 238.214,
            "move": 3
        },
        {
            "time": 238.817,
            "move": 2
        },
        {
            "time": 239.398,
            "move": 0
        },
        {
            "time": 240.001,
            "move": 2
        },
        {
            "time": 240.582,
            "move": 1
        },
        {
            "time": 241.162,
            "move": 3
        },
        {
            "time": 241.743,
            "move": 0
        },
        {
            "time": 242.323,
            "move": 1
        },
        {
            "time": 242.927,
            "move": 1
        },
        {
            "time": 243.508,
            "move": 0
        },
        {
            "time": 244.088,
            "move": 1
        },
        {
            "time": 244.669,
            "move": 2
        },
        {
            "time": 245.272,
            "move": 2
        },
        {
            "time": 245.853,
            "move": 3
        },
        {
            "time": 246.433,
            "move": 2
        },
        {
            "time": 247.014,
            "move": 1
        },
        {
            "time": 247.594,
            "move": 2
        },
        {
            "time": 248.198,
            "move": 2
        },
        {
            "time": 248.779,
            "move": 2
        },
        {
            "time": 249.382,
            "move": 1
        },
        {
            "time": 249.963,
            "move": 0
        },
        {
            "time": 250.567,
            "move": 0
        },
        {
            "time": 251.147,
            "move": 2
        },
        {
            "time": 251.728,
            "move": 0
        },
        {
            "time": 252.308,
            "move": 3
        },
        {
            "time": 252.912,
            "move": 1
        },
        {
            "time": 253.492,
            "move": 2
        },
        {
            "time": 254.096,
            "move": 3
        },
        {
            "time": 254.676,
            "move": 3
        },
        {
            "time": 255.257,
            "move": 1
        },
        {
            "time": 255.861,
            "move": 1
        },
        {
            "time": 256.441,
            "move": 2
        },
        {
            "time": 257.045,
            "move": 2
        },
        {
            "time": 257.625,
            "move": 3
        },
        {
            "time": 258.206,
            "move": 1
        },
        {
            "time": 258.763,
            "move": 1
        },
        {
            "time": 259.297,
            "move": 1
        },
        {
            "time": 259.855,
            "move": 1
        },
        {
            "time": 260.412,
            "move": 1
        },
        {
            "time": 260.969,
            "move": 3
        },
        {
            "time": 261.573,
            "move": 0
        },
        {
            "time": 262.153,
            "move": 2
        },
        {
            "time": 262.734,
            "move": 1
        },
        {
            "time": 263.338,
            "move": 3
        },
        {
            "time": 263.941,
            "move": 1
        }
    ]
}